Accident_ID,Severity
1,Highly_Fatal_And_Damaging
10,Significant_Damage_And_Fatalities
14,Significant_Damage_And_Serious_Injuries
17,Highly_Fatal_And_Damaging
21,Highly_Fatal_And_Damaging
40,Minor_Damage_And_Injuries
45,Significant_Damage_And_Fatalities
50,Significant_Damage_And_Fatalities
52,Highly_Fatal_And_Damaging
85,Significant_Damage_And_Serious_Injuries
95,Significant_Damage_And_Serious_Injuries
106,Highly_Fatal_And_Damaging
111,Significant_Damage_And_Serious_Injuries
123,Significant_Damage_And_Fatalities
129,Minor_Damage_And_Injuries
130,Significant_Damage_And_Serious_Injuries
132,Highly_Fatal_And_Damaging
137,Minor_Damage_And_Injuries
159,Significant_Damage_And_Serious_Injuries
161,Significant_Damage_And_Fatalities
162,Highly_Fatal_And_Damaging
166,Highly_Fatal_And_Damaging
170,Significant_Damage_And_Fatalities
173,Significant_Damage_And_Fatalities
177,Significant_Damage_And_Fatalities
180,Significant_Damage_And_Serious_Injuries
182,Highly_Fatal_And_Damaging
183,Highly_Fatal_And_Damaging
184,Highly_Fatal_And_Damaging
188,Highly_Fatal_And_Damaging
190,Highly_Fatal_And_Damaging
191,Significant_Damage_And_Serious_Injuries
201,Significant_Damage_And_Serious_Injuries
203,Highly_Fatal_And_Damaging
206,Significant_Damage_And_Serious_Injuries
217,Minor_Damage_And_Injuries
220,Highly_Fatal_And_Damaging
221,Significant_Damage_And_Fatalities
225,Highly_Fatal_And_Damaging
229,Significant_Damage_And_Serious_Injuries
231,Significant_Damage_And_Fatalities
232,Significant_Damage_And_Serious_Injuries
234,Significant_Damage_And_Fatalities
236,Significant_Damage_And_Fatalities
237,Significant_Damage_And_Fatalities
240,Highly_Fatal_And_Damaging
245,Minor_Damage_And_Injuries
250,Minor_Damage_And_Injuries
252,Highly_Fatal_And_Damaging
254,Significant_Damage_And_Serious_Injuries
261,Significant_Damage_And_Fatalities
265,Significant_Damage_And_Serious_Injuries
266,Significant_Damage_And_Serious_Injuries
271,Highly_Fatal_And_Damaging
273,Highly_Fatal_And_Damaging
274,Highly_Fatal_And_Damaging
275,Highly_Fatal_And_Damaging
280,Minor_Damage_And_Injuries
285,Significant_Damage_And_Fatalities
292,Highly_Fatal_And_Damaging
304,Significant_Damage_And_Serious_Injuries
311,Minor_Damage_And_Injuries
316,Highly_Fatal_And_Damaging
317,Minor_Damage_And_Injuries
318,Significant_Damage_And_Serious_Injuries
321,Significant_Damage_And_Fatalities
322,Highly_Fatal_And_Damaging
327,Minor_Damage_And_Injuries
332,Significant_Damage_And_Serious_Injuries
338,Highly_Fatal_And_Damaging
356,Highly_Fatal_And_Damaging
364,Highly_Fatal_And_Damaging
372,Highly_Fatal_And_Damaging
379,Significant_Damage_And_Fatalities
380,Minor_Damage_And_Injuries
384,Highly_Fatal_And_Damaging
388,Minor_Damage_And_Injuries
390,Minor_Damage_And_Injuries
401,Minor_Damage_And_Injuries
408,Highly_Fatal_And_Damaging
413,Highly_Fatal_And_Damaging
416,Highly_Fatal_And_Damaging
426,Significant_Damage_And_Serious_Injuries
428,Significant_Damage_And_Serious_Injuries
432,Significant_Damage_And_Serious_Injuries
433,Significant_Damage_And_Serious_Injuries
437,Significant_Damage_And_Fatalities
440,Significant_Damage_And_Serious_Injuries
444,Minor_Damage_And_Injuries
447,Significant_Damage_And_Fatalities
451,Minor_Damage_And_Injuries
461,Highly_Fatal_And_Damaging
469,Minor_Damage_And_Injuries
470,Minor_Damage_And_Injuries
481,Minor_Damage_And_Injuries
483,Highly_Fatal_And_Damaging
490,Significant_Damage_And_Fatalities
491,Significant_Damage_And_Serious_Injuries
494,Highly_Fatal_And_Damaging
495,Significant_Damage_And_Serious_Injuries
497,Minor_Damage_And_Injuries
504,Significant_Damage_And_Serious_Injuries
509,Significant_Damage_And_Fatalities
511,Significant_Damage_And_Serious_Injuries
513,Highly_Fatal_And_Damaging
514,Significant_Damage_And_Fatalities
518,Significant_Damage_And_Serious_Injuries
520,Significant_Damage_And_Serious_Injuries
526,Significant_Damage_And_Fatalities
529,Significant_Damage_And_Serious_Injuries
530,Significant_Damage_And_Serious_Injuries
532,Minor_Damage_And_Injuries
536,Highly_Fatal_And_Damaging
543,Minor_Damage_And_Injuries
553,Highly_Fatal_And_Damaging
559,Significant_Damage_And_Serious_Injuries
561,Significant_Damage_And_Fatalities
563,Highly_Fatal_And_Damaging
566,Highly_Fatal_And_Damaging
593,Significant_Damage_And_Serious_Injuries
595,Significant_Damage_And_Fatalities
597,Minor_Damage_And_Injuries
602,Significant_Damage_And_Serious_Injuries
604,Highly_Fatal_And_Damaging
615,Significant_Damage_And_Fatalities
617,Significant_Damage_And_Fatalities
618,Highly_Fatal_And_Damaging
622,Minor_Damage_And_Injuries
626,Significant_Damage_And_Serious_Injuries
633,Minor_Damage_And_Injuries
636,Highly_Fatal_And_Damaging
642,Minor_Damage_And_Injuries
648,Significant_Damage_And_Serious_Injuries
651,Highly_Fatal_And_Damaging
653,Highly_Fatal_And_Damaging
658,Significant_Damage_And_Fatalities
659,Significant_Damage_And_Serious_Injuries
660,Significant_Damage_And_Serious_Injuries
662,Highly_Fatal_And_Damaging
665,Significant_Damage_And_Serious_Injuries
674,Highly_Fatal_And_Damaging
676,Highly_Fatal_And_Damaging
682,Significant_Damage_And_Fatalities
686,Highly_Fatal_And_Damaging
687,Significant_Damage_And_Fatalities
692,Minor_Damage_And_Injuries
699,Highly_Fatal_And_Damaging
703,Significant_Damage_And_Fatalities
706,Highly_Fatal_And_Damaging
708,Significant_Damage_And_Serious_Injuries
714,Minor_Damage_And_Injuries
719,Minor_Damage_And_Injuries
721,Minor_Damage_And_Injuries
725,Significant_Damage_And_Serious_Injuries
728,Significant_Damage_And_Serious_Injuries
733,Significant_Damage_And_Serious_Injuries
735,Significant_Damage_And_Serious_Injuries
736,Highly_Fatal_And_Damaging
745,Minor_Damage_And_Injuries
762,Minor_Damage_And_Injuries
768,Significant_Damage_And_Serious_Injuries
773,Significant_Damage_And_Serious_Injuries
777,Minor_Damage_And_Injuries
781,Minor_Damage_And_Injuries
782,Significant_Damage_And_Serious_Injuries
797,Significant_Damage_And_Serious_Injuries
801,Significant_Damage_And_Serious_Injuries
815,Highly_Fatal_And_Damaging
818,Highly_Fatal_And_Damaging
824,Highly_Fatal_And_Damaging
832,Highly_Fatal_And_Damaging
834,Minor_Damage_And_Injuries
842,Significant_Damage_And_Serious_Injuries
850,Significant_Damage_And_Serious_Injuries
855,Minor_Damage_And_Injuries
860,Highly_Fatal_And_Damaging
865,Highly_Fatal_And_Damaging
867,Significant_Damage_And_Serious_Injuries
868,Highly_Fatal_And_Damaging
873,Highly_Fatal_And_Damaging
876,Highly_Fatal_And_Damaging
882,Minor_Damage_And_Injuries
886,Highly_Fatal_And_Damaging
887,Highly_Fatal_And_Damaging
888,Minor_Damage_And_Injuries
889,Highly_Fatal_And_Damaging
898,Significant_Damage_And_Fatalities
902,Highly_Fatal_And_Damaging
908,Highly_Fatal_And_Damaging
909,Significant_Damage_And_Fatalities
914,Significant_Damage_And_Serious_Injuries
927,Minor_Damage_And_Injuries
940,Significant_Damage_And_Fatalities
944,Significant_Damage_And_Fatalities
950,Highly_Fatal_And_Damaging
951,Significant_Damage_And_Serious_Injuries
953,Significant_Damage_And_Fatalities
956,Highly_Fatal_And_Damaging
967,Minor_Damage_And_Injuries
977,Significant_Damage_And_Fatalities
978,Highly_Fatal_And_Damaging
979,Significant_Damage_And_Serious_Injuries
982,Minor_Damage_And_Injuries
989,Significant_Damage_And_Fatalities
990,Highly_Fatal_And_Damaging
999,Highly_Fatal_And_Damaging
1005,Significant_Damage_And_Fatalities
1011,Highly_Fatal_And_Damaging
1013,Highly_Fatal_And_Damaging
1015,Minor_Damage_And_Injuries
1018,Highly_Fatal_And_Damaging
1021,Highly_Fatal_And_Damaging
1022,Minor_Damage_And_Injuries
1024,Significant_Damage_And_Fatalities
1025,Minor_Damage_And_Injuries
1031,Highly_Fatal_And_Damaging
1036,Significant_Damage_And_Serious_Injuries
1048,Minor_Damage_And_Injuries
1050,Significant_Damage_And_Serious_Injuries
1055,Significant_Damage_And_Fatalities
1057,Highly_Fatal_And_Damaging
1072,Minor_Damage_And_Injuries
1075,Significant_Damage_And_Serious_Injuries
1082,Significant_Damage_And_Serious_Injuries
1102,Significant_Damage_And_Serious_Injuries
1103,Significant_Damage_And_Serious_Injuries
1109,Significant_Damage_And_Fatalities
1114,Significant_Damage_And_Serious_Injuries
1116,Significant_Damage_And_Serious_Injuries
1123,Highly_Fatal_And_Damaging
1127,Minor_Damage_And_Injuries
1135,Significant_Damage_And_Serious_Injuries
1143,Highly_Fatal_And_Damaging
1144,Significant_Damage_And_Serious_Injuries
1147,Highly_Fatal_And_Damaging
1149,Minor_Damage_And_Injuries
1155,Highly_Fatal_And_Damaging
1158,Significant_Damage_And_Serious_Injuries
1160,Highly_Fatal_And_Damaging
1164,Significant_Damage_And_Fatalities
1170,Significant_Damage_And_Serious_Injuries
1175,Minor_Damage_And_Injuries
1179,Highly_Fatal_And_Damaging
1186,Significant_Damage_And_Serious_Injuries
1193,Highly_Fatal_And_Damaging
1197,Significant_Damage_And_Serious_Injuries
1198,Highly_Fatal_And_Damaging
1207,Significant_Damage_And_Fatalities
1213,Significant_Damage_And_Serious_Injuries
1217,Highly_Fatal_And_Damaging
1226,Highly_Fatal_And_Damaging
1227,Highly_Fatal_And_Damaging
1234,Significant_Damage_And_Fatalities
1238,Highly_Fatal_And_Damaging
1240,Highly_Fatal_And_Damaging
1242,Significant_Damage_And_Serious_Injuries
1250,Minor_Damage_And_Injuries
1251,Highly_Fatal_And_Damaging
1256,Highly_Fatal_And_Damaging
1258,Minor_Damage_And_Injuries
1269,Minor_Damage_And_Injuries
1270,Minor_Damage_And_Injuries
1271,Significant_Damage_And_Serious_Injuries
1272,Minor_Damage_And_Injuries
1279,Significant_Damage_And_Serious_Injuries
1282,Significant_Damage_And_Serious_Injuries
1284,Highly_Fatal_And_Damaging
1285,Significant_Damage_And_Fatalities
1286,Minor_Damage_And_Injuries
1294,Minor_Damage_And_Injuries
1305,Significant_Damage_And_Serious_Injuries
1310,Minor_Damage_And_Injuries
1312,Minor_Damage_And_Injuries
1325,Significant_Damage_And_Serious_Injuries
1333,Highly_Fatal_And_Damaging
1343,Highly_Fatal_And_Damaging
1347,Significant_Damage_And_Fatalities
1348,Minor_Damage_And_Injuries
1350,Significant_Damage_And_Serious_Injuries
1355,Minor_Damage_And_Injuries
1357,Highly_Fatal_And_Damaging
1371,Minor_Damage_And_Injuries
1378,Highly_Fatal_And_Damaging
1393,Minor_Damage_And_Injuries
1398,Minor_Damage_And_Injuries
1405,Significant_Damage_And_Fatalities
1406,Highly_Fatal_And_Damaging
1407,Significant_Damage_And_Serious_Injuries
1421,Minor_Damage_And_Injuries
1431,Highly_Fatal_And_Damaging
1432,Significant_Damage_And_Fatalities
1437,Minor_Damage_And_Injuries
1439,Highly_Fatal_And_Damaging
1440,Highly_Fatal_And_Damaging
1441,Significant_Damage_And_Fatalities
1442,Minor_Damage_And_Injuries
1448,Minor_Damage_And_Injuries
1450,Significant_Damage_And_Serious_Injuries
1453,Minor_Damage_And_Injuries
1454,Highly_Fatal_And_Damaging
1460,Significant_Damage_And_Serious_Injuries
1461,Highly_Fatal_And_Damaging
1473,Significant_Damage_And_Serious_Injuries
1481,Minor_Damage_And_Injuries
1488,Minor_Damage_And_Injuries
1499,Significant_Damage_And_Fatalities
1502,Significant_Damage_And_Serious_Injuries
1505,Minor_Damage_And_Injuries
1511,Significant_Damage_And_Serious_Injuries
1516,Significant_Damage_And_Serious_Injuries
1523,Highly_Fatal_And_Damaging
1527,Highly_Fatal_And_Damaging
1560,Highly_Fatal_And_Damaging
1566,Minor_Damage_And_Injuries
1567,Highly_Fatal_And_Damaging
1568,Highly_Fatal_And_Damaging
1569,Minor_Damage_And_Injuries
1570,Highly_Fatal_And_Damaging
1576,Minor_Damage_And_Injuries
1589,Minor_Damage_And_Injuries
1592,Highly_Fatal_And_Damaging
1598,Significant_Damage_And_Fatalities
1599,Highly_Fatal_And_Damaging
1600,Highly_Fatal_And_Damaging
1607,Highly_Fatal_And_Damaging
1608,Significant_Damage_And_Serious_Injuries
1611,Significant_Damage_And_Serious_Injuries
1613,Significant_Damage_And_Serious_Injuries
1623,Significant_Damage_And_Fatalities
1647,Significant_Damage_And_Fatalities
1649,Highly_Fatal_And_Damaging
1658,Highly_Fatal_And_Damaging
1662,Significant_Damage_And_Serious_Injuries
1668,Significant_Damage_And_Serious_Injuries
1676,Significant_Damage_And_Serious_Injuries
1678,Minor_Damage_And_Injuries
1682,Highly_Fatal_And_Damaging
1690,Significant_Damage_And_Fatalities
1701,Significant_Damage_And_Fatalities
1710,Highly_Fatal_And_Damaging
1723,Highly_Fatal_And_Damaging
1725,Highly_Fatal_And_Damaging
1747,Significant_Damage_And_Fatalities
1748,Significant_Damage_And_Serious_Injuries
1754,Highly_Fatal_And_Damaging
1756,Minor_Damage_And_Injuries
1757,Highly_Fatal_And_Damaging
1770,Minor_Damage_And_Injuries
1774,Significant_Damage_And_Serious_Injuries
1776,Highly_Fatal_And_Damaging
1789,Highly_Fatal_And_Damaging
1794,Significant_Damage_And_Fatalities
1804,Highly_Fatal_And_Damaging
1806,Minor_Damage_And_Injuries
1807,Minor_Damage_And_Injuries
1811,Significant_Damage_And_Fatalities
1814,Minor_Damage_And_Injuries
1826,Highly_Fatal_And_Damaging
1832,Highly_Fatal_And_Damaging
1835,Minor_Damage_And_Injuries
1839,Minor_Damage_And_Injuries
1840,Highly_Fatal_And_Damaging
1848,Significant_Damage_And_Serious_Injuries
1849,Minor_Damage_And_Injuries
1850,Significant_Damage_And_Serious_Injuries
1854,Significant_Damage_And_Fatalities
1861,Significant_Damage_And_Serious_Injuries
1866,Minor_Damage_And_Injuries
1868,Significant_Damage_And_Serious_Injuries
1872,Significant_Damage_And_Serious_Injuries
1875,Minor_Damage_And_Injuries
1877,Significant_Damage_And_Fatalities
1879,Minor_Damage_And_Injuries
1880,Minor_Damage_And_Injuries
1892,Minor_Damage_And_Injuries
1896,Minor_Damage_And_Injuries
1898,Highly_Fatal_And_Damaging
1899,Highly_Fatal_And_Damaging
1903,Highly_Fatal_And_Damaging
1909,Highly_Fatal_And_Damaging
1912,Highly_Fatal_And_Damaging
1920,Significant_Damage_And_Fatalities
1933,Significant_Damage_And_Serious_Injuries
1940,Minor_Damage_And_Injuries
1941,Minor_Damage_And_Injuries
1944,Significant_Damage_And_Serious_Injuries
1946,Significant_Damage_And_Fatalities
1950,Significant_Damage_And_Serious_Injuries
1955,Highly_Fatal_And_Damaging
1957,Highly_Fatal_And_Damaging
1958,Highly_Fatal_And_Damaging
1965,Minor_Damage_And_Injuries
1971,Significant_Damage_And_Serious_Injuries
1974,Highly_Fatal_And_Damaging
1980,Highly_Fatal_And_Damaging
1984,Significant_Damage_And_Fatalities
1990,Significant_Damage_And_Fatalities
1991,Significant_Damage_And_Serious_Injuries
1994,Minor_Damage_And_Injuries
1997,Highly_Fatal_And_Damaging
2006,Highly_Fatal_And_Damaging
2008,Significant_Damage_And_Fatalities
2013,Minor_Damage_And_Injuries
2015,Significant_Damage_And_Serious_Injuries
2016,Minor_Damage_And_Injuries
2021,Significant_Damage_And_Serious_Injuries
2023,Highly_Fatal_And_Damaging
2038,Minor_Damage_And_Injuries
2040,Highly_Fatal_And_Damaging
2048,Significant_Damage_And_Serious_Injuries
2063,Significant_Damage_And_Serious_Injuries
2073,Significant_Damage_And_Serious_Injuries
2075,Significant_Damage_And_Serious_Injuries
2081,Significant_Damage_And_Fatalities
2082,Highly_Fatal_And_Damaging
2086,Significant_Damage_And_Serious_Injuries
2090,Significant_Damage_And_Serious_Injuries
2091,Highly_Fatal_And_Damaging
2094,Significant_Damage_And_Fatalities
2096,Highly_Fatal_And_Damaging
2097,Highly_Fatal_And_Damaging
2101,Highly_Fatal_And_Damaging
2103,Significant_Damage_And_Serious_Injuries
2106,Minor_Damage_And_Injuries
2107,Significant_Damage_And_Fatalities
2113,Significant_Damage_And_Serious_Injuries
2122,Highly_Fatal_And_Damaging
2123,Significant_Damage_And_Fatalities
2132,Minor_Damage_And_Injuries
2134,Highly_Fatal_And_Damaging
2141,Highly_Fatal_And_Damaging
2145,Significant_Damage_And_Fatalities
2147,Significant_Damage_And_Fatalities
2149,Significant_Damage_And_Serious_Injuries
2155,Significant_Damage_And_Serious_Injuries
2161,Significant_Damage_And_Fatalities
2177,Significant_Damage_And_Serious_Injuries
2179,Significant_Damage_And_Fatalities
2182,Significant_Damage_And_Fatalities
2192,Significant_Damage_And_Serious_Injuries
2195,Significant_Damage_And_Fatalities
2196,Minor_Damage_And_Injuries
2197,Highly_Fatal_And_Damaging
2199,Highly_Fatal_And_Damaging
2204,Highly_Fatal_And_Damaging
2206,Minor_Damage_And_Injuries
2212,Highly_Fatal_And_Damaging
2215,Highly_Fatal_And_Damaging
2217,Significant_Damage_And_Fatalities
2220,Minor_Damage_And_Injuries
2222,Highly_Fatal_And_Damaging
2227,Highly_Fatal_And_Damaging
2239,Significant_Damage_And_Serious_Injuries
2241,Highly_Fatal_And_Damaging
2246,Significant_Damage_And_Fatalities
2254,Significant_Damage_And_Serious_Injuries
2255,Highly_Fatal_And_Damaging
2259,Highly_Fatal_And_Damaging
2263,Minor_Damage_And_Injuries
2264,Significant_Damage_And_Serious_Injuries
2269,Minor_Damage_And_Injuries
2281,Significant_Damage_And_Serious_Injuries
2284,Significant_Damage_And_Serious_Injuries
2285,Significant_Damage_And_Fatalities
2292,Minor_Damage_And_Injuries
2293,Highly_Fatal_And_Damaging
2299,Significant_Damage_And_Fatalities
2301,Highly_Fatal_And_Damaging
2302,Highly_Fatal_And_Damaging
2303,Significant_Damage_And_Serious_Injuries
2307,Minor_Damage_And_Injuries
2315,Significant_Damage_And_Serious_Injuries
2316,Significant_Damage_And_Serious_Injuries
2317,Significant_Damage_And_Serious_Injuries
2320,Highly_Fatal_And_Damaging
2322,Significant_Damage_And_Fatalities
2334,Highly_Fatal_And_Damaging
2336,Minor_Damage_And_Injuries
2342,Minor_Damage_And_Injuries
2343,Significant_Damage_And_Fatalities
2349,Significant_Damage_And_Serious_Injuries
2354,Highly_Fatal_And_Damaging
2357,Significant_Damage_And_Fatalities
2364,Significant_Damage_And_Serious_Injuries
2370,Highly_Fatal_And_Damaging
2379,Minor_Damage_And_Injuries
2389,Significant_Damage_And_Serious_Injuries
2400,Significant_Damage_And_Serious_Injuries
2402,Significant_Damage_And_Serious_Injuries
2406,Highly_Fatal_And_Damaging
2427,Highly_Fatal_And_Damaging
2429,Significant_Damage_And_Serious_Injuries
2435,Highly_Fatal_And_Damaging
2438,Minor_Damage_And_Injuries
2439,Highly_Fatal_And_Damaging
2449,Minor_Damage_And_Injuries
2454,Significant_Damage_And_Serious_Injuries
2455,Significant_Damage_And_Serious_Injuries
2462,Highly_Fatal_And_Damaging
2471,Significant_Damage_And_Serious_Injuries
2472,Significant_Damage_And_Serious_Injuries
2475,Highly_Fatal_And_Damaging
2476,Significant_Damage_And_Fatalities
2483,Significant_Damage_And_Serious_Injuries
2485,Significant_Damage_And_Fatalities
2488,Significant_Damage_And_Fatalities
2492,Minor_Damage_And_Injuries
2494,Highly_Fatal_And_Damaging
2504,Significant_Damage_And_Serious_Injuries
2510,Minor_Damage_And_Injuries
2516,Significant_Damage_And_Serious_Injuries
2517,Minor_Damage_And_Injuries
2519,Minor_Damage_And_Injuries
2527,Significant_Damage_And_Fatalities
2529,Minor_Damage_And_Injuries
2540,Minor_Damage_And_Injuries
2546,Minor_Damage_And_Injuries
2553,Minor_Damage_And_Injuries
2554,Minor_Damage_And_Injuries
2558,Highly_Fatal_And_Damaging
2572,Highly_Fatal_And_Damaging
2585,Minor_Damage_And_Injuries
2587,Significant_Damage_And_Serious_Injuries
2597,Minor_Damage_And_Injuries
2599,Minor_Damage_And_Injuries
2600,Highly_Fatal_And_Damaging
2601,Minor_Damage_And_Injuries
2608,Minor_Damage_And_Injuries
2613,Minor_Damage_And_Injuries
2616,Significant_Damage_And_Serious_Injuries
2619,Minor_Damage_And_Injuries
2620,Minor_Damage_And_Injuries
2621,Minor_Damage_And_Injuries
2622,Significant_Damage_And_Fatalities
2623,Significant_Damage_And_Fatalities
2634,Highly_Fatal_And_Damaging
2636,Highly_Fatal_And_Damaging
2640,Significant_Damage_And_Serious_Injuries
2643,Highly_Fatal_And_Damaging
2646,Highly_Fatal_And_Damaging
2651,Highly_Fatal_And_Damaging
2653,Significant_Damage_And_Serious_Injuries
2654,Highly_Fatal_And_Damaging
2657,Significant_Damage_And_Fatalities
2658,Significant_Damage_And_Fatalities
2664,Highly_Fatal_And_Damaging
2667,Highly_Fatal_And_Damaging
2668,Significant_Damage_And_Serious_Injuries
2680,Minor_Damage_And_Injuries
2682,Minor_Damage_And_Injuries
2692,Highly_Fatal_And_Damaging
2693,Significant_Damage_And_Serious_Injuries
2695,Highly_Fatal_And_Damaging
2697,Minor_Damage_And_Injuries
2698,Significant_Damage_And_Fatalities
2703,Highly_Fatal_And_Damaging
2718,Minor_Damage_And_Injuries
2728,Significant_Damage_And_Fatalities
2729,Significant_Damage_And_Serious_Injuries
2736,Significant_Damage_And_Serious_Injuries
2737,Minor_Damage_And_Injuries
2738,Significant_Damage_And_Serious_Injuries
2739,Highly_Fatal_And_Damaging
2746,Significant_Damage_And_Serious_Injuries
2750,Highly_Fatal_And_Damaging
2755,Significant_Damage_And_Serious_Injuries
2764,Significant_Damage_And_Serious_Injuries
2767,Minor_Damage_And_Injuries
2769,Significant_Damage_And_Fatalities
2772,Minor_Damage_And_Injuries
2777,Highly_Fatal_And_Damaging
2778,Significant_Damage_And_Fatalities
2779,Minor_Damage_And_Injuries
2780,Significant_Damage_And_Fatalities
2785,Significant_Damage_And_Serious_Injuries
2793,Minor_Damage_And_Injuries
2801,Significant_Damage_And_Serious_Injuries
2814,Highly_Fatal_And_Damaging
2821,Significant_Damage_And_Fatalities
2828,Highly_Fatal_And_Damaging
2834,Minor_Damage_And_Injuries
2844,Significant_Damage_And_Serious_Injuries
2848,Highly_Fatal_And_Damaging
2850,Significant_Damage_And_Fatalities
2852,Minor_Damage_And_Injuries
2860,Significant_Damage_And_Serious_Injuries
2861,Significant_Damage_And_Serious_Injuries
2864,Highly_Fatal_And_Damaging
2868,Highly_Fatal_And_Damaging
2886,Highly_Fatal_And_Damaging
2887,Highly_Fatal_And_Damaging
2890,Minor_Damage_And_Injuries
2892,Highly_Fatal_And_Damaging
2907,Minor_Damage_And_Injuries
2908,Significant_Damage_And_Serious_Injuries
2909,Minor_Damage_And_Injuries
2914,Highly_Fatal_And_Damaging
2917,Significant_Damage_And_Serious_Injuries
2923,Highly_Fatal_And_Damaging
2924,Highly_Fatal_And_Damaging
2934,Highly_Fatal_And_Damaging
2937,Significant_Damage_And_Serious_Injuries
2945,Minor_Damage_And_Injuries
2948,Significant_Damage_And_Serious_Injuries
2950,Highly_Fatal_And_Damaging
2953,Significant_Damage_And_Serious_Injuries
2955,Minor_Damage_And_Injuries
2959,Significant_Damage_And_Serious_Injuries
2971,Significant_Damage_And_Fatalities
2974,Minor_Damage_And_Injuries
2987,Highly_Fatal_And_Damaging
2994,Significant_Damage_And_Fatalities
2995,Minor_Damage_And_Injuries
3003,Highly_Fatal_And_Damaging
3013,Significant_Damage_And_Serious_Injuries
3014,Significant_Damage_And_Fatalities
3015,Minor_Damage_And_Injuries
3028,Highly_Fatal_And_Damaging
3041,Significant_Damage_And_Serious_Injuries
3053,Minor_Damage_And_Injuries
3057,Minor_Damage_And_Injuries
3059,Significant_Damage_And_Fatalities
3060,Highly_Fatal_And_Damaging
3069,Significant_Damage_And_Fatalities
3071,Minor_Damage_And_Injuries
3072,Minor_Damage_And_Injuries
3082,Significant_Damage_And_Fatalities
3084,Highly_Fatal_And_Damaging
3086,Minor_Damage_And_Injuries
3098,Significant_Damage_And_Fatalities
3100,Minor_Damage_And_Injuries
3102,Significant_Damage_And_Fatalities
3110,Minor_Damage_And_Injuries
3111,Significant_Damage_And_Serious_Injuries
3118,Minor_Damage_And_Injuries
3119,Significant_Damage_And_Serious_Injuries
3125,Significant_Damage_And_Fatalities
3133,Highly_Fatal_And_Damaging
3136,Minor_Damage_And_Injuries
3141,Significant_Damage_And_Fatalities
3149,Minor_Damage_And_Injuries
3150,Highly_Fatal_And_Damaging
3155,Significant_Damage_And_Fatalities
3156,Significant_Damage_And_Serious_Injuries
3160,Highly_Fatal_And_Damaging
3163,Highly_Fatal_And_Damaging
3175,Highly_Fatal_And_Damaging
3180,Highly_Fatal_And_Damaging
3188,Minor_Damage_And_Injuries
3192,Significant_Damage_And_Serious_Injuries
3193,Significant_Damage_And_Serious_Injuries
3197,Minor_Damage_And_Injuries
3201,Minor_Damage_And_Injuries
3204,Minor_Damage_And_Injuries
3206,Significant_Damage_And_Serious_Injuries
3210,Minor_Damage_And_Injuries
3212,Significant_Damage_And_Fatalities
3216,Highly_Fatal_And_Damaging
3239,Minor_Damage_And_Injuries
3240,Significant_Damage_And_Fatalities
3246,Highly_Fatal_And_Damaging
3247,Significant_Damage_And_Fatalities
3252,Highly_Fatal_And_Damaging
3259,Highly_Fatal_And_Damaging
3262,Significant_Damage_And_Serious_Injuries
3264,Highly_Fatal_And_Damaging
3275,Highly_Fatal_And_Damaging
3280,Significant_Damage_And_Fatalities
3282,Significant_Damage_And_Fatalities
3289,Significant_Damage_And_Serious_Injuries
3294,Significant_Damage_And_Serious_Injuries
3297,Significant_Damage_And_Fatalities
3299,Significant_Damage_And_Serious_Injuries
3302,Significant_Damage_And_Serious_Injuries
3308,Significant_Damage_And_Fatalities
3311,Significant_Damage_And_Serious_Injuries
3315,Minor_Damage_And_Injuries
3317,Minor_Damage_And_Injuries
3319,Highly_Fatal_And_Damaging
3326,Highly_Fatal_And_Damaging
3330,Significant_Damage_And_Serious_Injuries
3331,Significant_Damage_And_Fatalities
3333,Significant_Damage_And_Serious_Injuries
3337,Minor_Damage_And_Injuries
3344,Minor_Damage_And_Injuries
3359,Highly_Fatal_And_Damaging
3369,Highly_Fatal_And_Damaging
3372,Significant_Damage_And_Fatalities
3373,Minor_Damage_And_Injuries
3374,Minor_Damage_And_Injuries
3384,Highly_Fatal_And_Damaging
3385,Highly_Fatal_And_Damaging
3395,Significant_Damage_And_Fatalities
3399,Significant_Damage_And_Serious_Injuries
3401,Significant_Damage_And_Fatalities
3406,Significant_Damage_And_Serious_Injuries
3410,Significant_Damage_And_Fatalities
3420,Minor_Damage_And_Injuries
3422,Minor_Damage_And_Injuries
3428,Significant_Damage_And_Serious_Injuries
3431,Highly_Fatal_And_Damaging
3434,Minor_Damage_And_Injuries
3436,Minor_Damage_And_Injuries
3440,Minor_Damage_And_Injuries
3443,Significant_Damage_And_Fatalities
3451,Highly_Fatal_And_Damaging
3454,Highly_Fatal_And_Damaging
3455,Significant_Damage_And_Serious_Injuries
3456,Significant_Damage_And_Serious_Injuries
3462,Significant_Damage_And_Serious_Injuries
3463,Highly_Fatal_And_Damaging
3464,Highly_Fatal_And_Damaging
3470,Significant_Damage_And_Fatalities
3477,Significant_Damage_And_Serious_Injuries
3485,Highly_Fatal_And_Damaging
3486,Minor_Damage_And_Injuries
3489,Significant_Damage_And_Fatalities
3490,Significant_Damage_And_Serious_Injuries
3501,Significant_Damage_And_Serious_Injuries
3503,Significant_Damage_And_Serious_Injuries
3510,Significant_Damage_And_Fatalities
3517,Highly_Fatal_And_Damaging
3518,Significant_Damage_And_Fatalities
3525,Highly_Fatal_And_Damaging
3526,Minor_Damage_And_Injuries
3530,Highly_Fatal_And_Damaging
3532,Minor_Damage_And_Injuries
3546,Significant_Damage_And_Fatalities
3548,Highly_Fatal_And_Damaging
3568,Significant_Damage_And_Serious_Injuries
3571,Significant_Damage_And_Serious_Injuries
3573,Significant_Damage_And_Fatalities
3577,Significant_Damage_And_Fatalities
3587,Minor_Damage_And_Injuries
3596,Highly_Fatal_And_Damaging
3604,Significant_Damage_And_Serious_Injuries
3606,Significant_Damage_And_Fatalities
3613,Significant_Damage_And_Fatalities
3620,Significant_Damage_And_Fatalities
3632,Highly_Fatal_And_Damaging
3638,Significant_Damage_And_Fatalities
3640,Highly_Fatal_And_Damaging
3643,Significant_Damage_And_Fatalities
3644,Significant_Damage_And_Serious_Injuries
3645,Highly_Fatal_And_Damaging
3648,Highly_Fatal_And_Damaging
3657,Significant_Damage_And_Serious_Injuries
3665,Highly_Fatal_And_Damaging
3670,Highly_Fatal_And_Damaging
3674,Minor_Damage_And_Injuries
3686,Highly_Fatal_And_Damaging
3687,Minor_Damage_And_Injuries
3692,Minor_Damage_And_Injuries
3694,Minor_Damage_And_Injuries
3698,Significant_Damage_And_Fatalities
3701,Significant_Damage_And_Fatalities
3725,Highly_Fatal_And_Damaging
3728,Significant_Damage_And_Serious_Injuries
3729,Minor_Damage_And_Injuries
3733,Significant_Damage_And_Serious_Injuries
3743,Highly_Fatal_And_Damaging
3746,Significant_Damage_And_Fatalities
3747,Minor_Damage_And_Injuries
3748,Minor_Damage_And_Injuries
3749,Highly_Fatal_And_Damaging
3752,Significant_Damage_And_Serious_Injuries
3760,Significant_Damage_And_Serious_Injuries
3761,Highly_Fatal_And_Damaging
3762,Minor_Damage_And_Injuries
3765,Highly_Fatal_And_Damaging
3767,Minor_Damage_And_Injuries
3775,Highly_Fatal_And_Damaging
3780,Significant_Damage_And_Serious_Injuries
3790,Minor_Damage_And_Injuries
3794,Highly_Fatal_And_Damaging
3795,Minor_Damage_And_Injuries
3806,Minor_Damage_And_Injuries
3807,Significant_Damage_And_Fatalities
3809,Minor_Damage_And_Injuries
3810,Minor_Damage_And_Injuries
3811,Highly_Fatal_And_Damaging
3812,Minor_Damage_And_Injuries
3818,Highly_Fatal_And_Damaging
3820,Significant_Damage_And_Serious_Injuries
3821,Highly_Fatal_And_Damaging
3827,Minor_Damage_And_Injuries
3835,Significant_Damage_And_Serious_Injuries
3836,Significant_Damage_And_Serious_Injuries
3839,Minor_Damage_And_Injuries
3841,Significant_Damage_And_Fatalities
3842,Highly_Fatal_And_Damaging
3845,Highly_Fatal_And_Damaging
3854,Highly_Fatal_And_Damaging
3855,Significant_Damage_And_Serious_Injuries
3856,Highly_Fatal_And_Damaging
3863,Significant_Damage_And_Serious_Injuries
3865,Minor_Damage_And_Injuries
3878,Significant_Damage_And_Fatalities
3887,Minor_Damage_And_Injuries
3888,Highly_Fatal_And_Damaging
3889,Highly_Fatal_And_Damaging
3892,Significant_Damage_And_Serious_Injuries
3897,Significant_Damage_And_Serious_Injuries
3911,Significant_Damage_And_Serious_Injuries
3912,Highly_Fatal_And_Damaging
3914,Significant_Damage_And_Fatalities
3928,Highly_Fatal_And_Damaging
3929,Minor_Damage_And_Injuries
3933,Minor_Damage_And_Injuries
3941,Significant_Damage_And_Serious_Injuries
3943,Significant_Damage_And_Serious_Injuries
3954,Minor_Damage_And_Injuries
3960,Minor_Damage_And_Injuries
3962,Highly_Fatal_And_Damaging
3965,Highly_Fatal_And_Damaging
3967,Significant_Damage_And_Serious_Injuries
3968,Significant_Damage_And_Serious_Injuries
3980,Significant_Damage_And_Fatalities
3987,Significant_Damage_And_Serious_Injuries
3989,Highly_Fatal_And_Damaging
3990,Significant_Damage_And_Serious_Injuries
3997,Minor_Damage_And_Injuries
4000,Highly_Fatal_And_Damaging
4002,Highly_Fatal_And_Damaging
4006,Highly_Fatal_And_Damaging
4007,Minor_Damage_And_Injuries
4019,Highly_Fatal_And_Damaging
4024,Highly_Fatal_And_Damaging
4026,Highly_Fatal_And_Damaging
4027,Highly_Fatal_And_Damaging
4032,Highly_Fatal_And_Damaging
4039,Highly_Fatal_And_Damaging
4040,Significant_Damage_And_Serious_Injuries
4047,Highly_Fatal_And_Damaging
4048,Highly_Fatal_And_Damaging
4049,Highly_Fatal_And_Damaging
4050,Minor_Damage_And_Injuries
4061,Significant_Damage_And_Serious_Injuries
4062,Minor_Damage_And_Injuries
4063,Minor_Damage_And_Injuries
4070,Highly_Fatal_And_Damaging
4090,Highly_Fatal_And_Damaging
4094,Highly_Fatal_And_Damaging
4098,Highly_Fatal_And_Damaging
4099,Minor_Damage_And_Injuries
4100,Significant_Damage_And_Serious_Injuries
4108,Minor_Damage_And_Injuries
4120,Minor_Damage_And_Injuries
4129,Highly_Fatal_And_Damaging
4133,Highly_Fatal_And_Damaging
4134,Significant_Damage_And_Serious_Injuries
4136,Minor_Damage_And_Injuries
4139,Significant_Damage_And_Serious_Injuries
4148,Highly_Fatal_And_Damaging
4152,Minor_Damage_And_Injuries
4153,Significant_Damage_And_Serious_Injuries
4157,Highly_Fatal_And_Damaging
4162,Highly_Fatal_And_Damaging
4169,Significant_Damage_And_Serious_Injuries
4176,Highly_Fatal_And_Damaging
4181,Minor_Damage_And_Injuries
4189,Significant_Damage_And_Serious_Injuries
4192,Significant_Damage_And_Fatalities
4198,Highly_Fatal_And_Damaging
4207,Significant_Damage_And_Fatalities
4208,Significant_Damage_And_Serious_Injuries
4211,Highly_Fatal_And_Damaging
4218,Minor_Damage_And_Injuries
4223,Highly_Fatal_And_Damaging
4232,Highly_Fatal_And_Damaging
4234,Significant_Damage_And_Serious_Injuries
4246,Highly_Fatal_And_Damaging
4253,Significant_Damage_And_Fatalities
4254,Highly_Fatal_And_Damaging
4255,Minor_Damage_And_Injuries
4260,Significant_Damage_And_Fatalities
4267,Significant_Damage_And_Fatalities
4274,Significant_Damage_And_Serious_Injuries
4275,Significant_Damage_And_Serious_Injuries
4278,Highly_Fatal_And_Damaging
4281,Highly_Fatal_And_Damaging
4293,Minor_Damage_And_Injuries
4294,Significant_Damage_And_Serious_Injuries
4300,Significant_Damage_And_Serious_Injuries
4307,Significant_Damage_And_Fatalities
4310,Significant_Damage_And_Serious_Injuries
4311,Significant_Damage_And_Serious_Injuries
4315,Significant_Damage_And_Serious_Injuries
4330,Highly_Fatal_And_Damaging
4333,Significant_Damage_And_Serious_Injuries
4340,Minor_Damage_And_Injuries
4352,Minor_Damage_And_Injuries
4360,Highly_Fatal_And_Damaging
4365,Highly_Fatal_And_Damaging
4367,Minor_Damage_And_Injuries
4376,Highly_Fatal_And_Damaging
4378,Significant_Damage_And_Fatalities
4385,Significant_Damage_And_Serious_Injuries
4405,Significant_Damage_And_Fatalities
4413,Significant_Damage_And_Fatalities
4414,Significant_Damage_And_Fatalities
4426,Significant_Damage_And_Serious_Injuries
4430,Highly_Fatal_And_Damaging
4431,Significant_Damage_And_Serious_Injuries
4438,Highly_Fatal_And_Damaging
4439,Minor_Damage_And_Injuries
4441,Significant_Damage_And_Serious_Injuries
4443,Significant_Damage_And_Serious_Injuries
4449,Significant_Damage_And_Serious_Injuries
4453,Minor_Damage_And_Injuries
4456,Highly_Fatal_And_Damaging
4457,Minor_Damage_And_Injuries
4459,Significant_Damage_And_Serious_Injuries
4461,Significant_Damage_And_Serious_Injuries
4464,Significant_Damage_And_Fatalities
4468,Significant_Damage_And_Serious_Injuries
4476,Significant_Damage_And_Serious_Injuries
4480,Minor_Damage_And_Injuries
4482,Significant_Damage_And_Serious_Injuries
4491,Significant_Damage_And_Serious_Injuries
4493,Significant_Damage_And_Serious_Injuries
4494,Significant_Damage_And_Fatalities
4495,Highly_Fatal_And_Damaging
4496,Highly_Fatal_And_Damaging
4503,Highly_Fatal_And_Damaging
4505,Significant_Damage_And_Serious_Injuries
4506,Highly_Fatal_And_Damaging
4512,Minor_Damage_And_Injuries
4516,Highly_Fatal_And_Damaging
4518,Highly_Fatal_And_Damaging
4521,Highly_Fatal_And_Damaging
4522,Minor_Damage_And_Injuries
4529,Significant_Damage_And_Fatalities
4530,Highly_Fatal_And_Damaging
4536,Minor_Damage_And_Injuries
4539,Significant_Damage_And_Serious_Injuries
4543,Significant_Damage_And_Serious_Injuries
4546,Highly_Fatal_And_Damaging
4547,Minor_Damage_And_Injuries
4550,Significant_Damage_And_Serious_Injuries
4564,Highly_Fatal_And_Damaging
4571,Minor_Damage_And_Injuries
4583,Significant_Damage_And_Fatalities
4592,Highly_Fatal_And_Damaging
4594,Significant_Damage_And_Fatalities
4597,Significant_Damage_And_Serious_Injuries
4598,Minor_Damage_And_Injuries
4614,Significant_Damage_And_Serious_Injuries
4617,Significant_Damage_And_Serious_Injuries
4621,Minor_Damage_And_Injuries
4630,Minor_Damage_And_Injuries
4634,Minor_Damage_And_Injuries
4638,Highly_Fatal_And_Damaging
4639,Significant_Damage_And_Fatalities
4645,Highly_Fatal_And_Damaging
4650,Minor_Damage_And_Injuries
4651,Highly_Fatal_And_Damaging
4654,Significant_Damage_And_Fatalities
4656,Significant_Damage_And_Fatalities
4660,Highly_Fatal_And_Damaging
4665,Significant_Damage_And_Fatalities
4670,Significant_Damage_And_Fatalities
4671,Minor_Damage_And_Injuries
4679,Highly_Fatal_And_Damaging
4682,Significant_Damage_And_Fatalities
4684,Highly_Fatal_And_Damaging
4688,Minor_Damage_And_Injuries
4693,Highly_Fatal_And_Damaging
4712,Significant_Damage_And_Serious_Injuries
4714,Highly_Fatal_And_Damaging
4721,Minor_Damage_And_Injuries
4722,Significant_Damage_And_Serious_Injuries
4724,Minor_Damage_And_Injuries
4726,Significant_Damage_And_Serious_Injuries
4728,Highly_Fatal_And_Damaging
4730,Highly_Fatal_And_Damaging
4735,Significant_Damage_And_Fatalities
4741,Significant_Damage_And_Serious_Injuries
4742,Minor_Damage_And_Injuries
4744,Minor_Damage_And_Injuries
4746,Significant_Damage_And_Fatalities
4757,Minor_Damage_And_Injuries
4761,Minor_Damage_And_Injuries
4770,Highly_Fatal_And_Damaging
4772,Significant_Damage_And_Fatalities
4773,Significant_Damage_And_Serious_Injuries
4780,Highly_Fatal_And_Damaging
4783,Highly_Fatal_And_Damaging
4785,Highly_Fatal_And_Damaging
4786,Significant_Damage_And_Serious_Injuries
4787,Minor_Damage_And_Injuries
4793,Highly_Fatal_And_Damaging
4794,Highly_Fatal_And_Damaging
4808,Significant_Damage_And_Fatalities
4811,Highly_Fatal_And_Damaging
4831,Significant_Damage_And_Fatalities
4832,Significant_Damage_And_Serious_Injuries
4836,Highly_Fatal_And_Damaging
4839,Significant_Damage_And_Serious_Injuries
4842,Significant_Damage_And_Serious_Injuries
4846,Highly_Fatal_And_Damaging
4855,Highly_Fatal_And_Damaging
4856,Highly_Fatal_And_Damaging
4859,Significant_Damage_And_Serious_Injuries
4862,Significant_Damage_And_Serious_Injuries
4869,Highly_Fatal_And_Damaging
4877,Highly_Fatal_And_Damaging
4878,Significant_Damage_And_Serious_Injuries
4887,Significant_Damage_And_Serious_Injuries
4892,Minor_Damage_And_Injuries
4913,Highly_Fatal_And_Damaging
4914,Highly_Fatal_And_Damaging
4926,Minor_Damage_And_Injuries
4940,Highly_Fatal_And_Damaging
4944,Minor_Damage_And_Injuries
4959,Significant_Damage_And_Serious_Injuries
4966,Highly_Fatal_And_Damaging
4972,Minor_Damage_And_Injuries
4978,Significant_Damage_And_Serious_Injuries
4981,Significant_Damage_And_Serious_Injuries
4985,Minor_Damage_And_Injuries
4992,Highly_Fatal_And_Damaging
4998,Significant_Damage_And_Fatalities
5000,Highly_Fatal_And_Damaging
5001,Highly_Fatal_And_Damaging
5004,Minor_Damage_And_Injuries
5005,Highly_Fatal_And_Damaging
5016,Significant_Damage_And_Fatalities
5020,Significant_Damage_And_Serious_Injuries
5021,Highly_Fatal_And_Damaging
5041,Minor_Damage_And_Injuries
5045,Significant_Damage_And_Fatalities
5052,Minor_Damage_And_Injuries
5063,Minor_Damage_And_Injuries
5072,Highly_Fatal_And_Damaging
5074,Highly_Fatal_And_Damaging
5080,Significant_Damage_And_Fatalities
5087,Significant_Damage_And_Serious_Injuries
5094,Highly_Fatal_And_Damaging
5099,Significant_Damage_And_Serious_Injuries
5100,Minor_Damage_And_Injuries
5109,Highly_Fatal_And_Damaging
5111,Minor_Damage_And_Injuries
5115,Highly_Fatal_And_Damaging
5117,Minor_Damage_And_Injuries
5119,Minor_Damage_And_Injuries
5125,Highly_Fatal_And_Damaging
5126,Significant_Damage_And_Fatalities
5127,Significant_Damage_And_Serious_Injuries
5142,Minor_Damage_And_Injuries
5149,Significant_Damage_And_Fatalities
5160,Significant_Damage_And_Serious_Injuries
5163,Minor_Damage_And_Injuries
5170,Highly_Fatal_And_Damaging
5175,Significant_Damage_And_Serious_Injuries
5184,Significant_Damage_And_Serious_Injuries
5187,Significant_Damage_And_Serious_Injuries
5189,Minor_Damage_And_Injuries
5200,Highly_Fatal_And_Damaging
5202,Minor_Damage_And_Injuries
5203,Significant_Damage_And_Fatalities
5206,Significant_Damage_And_Fatalities
5218,Significant_Damage_And_Serious_Injuries
5224,Significant_Damage_And_Fatalities
5226,Significant_Damage_And_Fatalities
5230,Highly_Fatal_And_Damaging
5231,Highly_Fatal_And_Damaging
5232,Significant_Damage_And_Serious_Injuries
5234,Significant_Damage_And_Serious_Injuries
5239,Significant_Damage_And_Serious_Injuries
5244,Significant_Damage_And_Serious_Injuries
5245,Significant_Damage_And_Serious_Injuries
5246,Highly_Fatal_And_Damaging
5253,Minor_Damage_And_Injuries
5262,Significant_Damage_And_Serious_Injuries
5268,Highly_Fatal_And_Damaging
5271,Significant_Damage_And_Fatalities
5275,Highly_Fatal_And_Damaging
5277,Significant_Damage_And_Serious_Injuries
5278,Significant_Damage_And_Fatalities
5283,Significant_Damage_And_Serious_Injuries
5284,Highly_Fatal_And_Damaging
5285,Highly_Fatal_And_Damaging
5288,Highly_Fatal_And_Damaging
5329,Significant_Damage_And_Serious_Injuries
5336,Significant_Damage_And_Fatalities
5339,Minor_Damage_And_Injuries
5340,Significant_Damage_And_Serious_Injuries
5342,Significant_Damage_And_Fatalities
5350,Highly_Fatal_And_Damaging
5359,Highly_Fatal_And_Damaging
5376,Highly_Fatal_And_Damaging
5387,Minor_Damage_And_Injuries
5399,Significant_Damage_And_Serious_Injuries
5401,Significant_Damage_And_Serious_Injuries
5423,Significant_Damage_And_Serious_Injuries
5425,Minor_Damage_And_Injuries
5433,Significant_Damage_And_Serious_Injuries
5445,Highly_Fatal_And_Damaging
5451,Significant_Damage_And_Fatalities
5452,Significant_Damage_And_Serious_Injuries
5461,Highly_Fatal_And_Damaging
5464,Highly_Fatal_And_Damaging
5465,Significant_Damage_And_Fatalities
5466,Significant_Damage_And_Serious_Injuries
5471,Highly_Fatal_And_Damaging
5481,Highly_Fatal_And_Damaging
5482,Minor_Damage_And_Injuries
5485,Highly_Fatal_And_Damaging
5489,Significant_Damage_And_Serious_Injuries
5497,Significant_Damage_And_Serious_Injuries
5505,Highly_Fatal_And_Damaging
5508,Significant_Damage_And_Serious_Injuries
5510,Highly_Fatal_And_Damaging
5519,Highly_Fatal_And_Damaging
5531,Minor_Damage_And_Injuries
5536,Significant_Damage_And_Fatalities
5537,Significant_Damage_And_Serious_Injuries
5538,Minor_Damage_And_Injuries
5547,Highly_Fatal_And_Damaging
5554,Significant_Damage_And_Serious_Injuries
5561,Significant_Damage_And_Fatalities
5563,Significant_Damage_And_Serious_Injuries
5568,Highly_Fatal_And_Damaging
5573,Minor_Damage_And_Injuries
5579,Highly_Fatal_And_Damaging
5583,Significant_Damage_And_Fatalities
5584,Significant_Damage_And_Serious_Injuries
5586,Significant_Damage_And_Fatalities
5589,Significant_Damage_And_Fatalities
5595,Highly_Fatal_And_Damaging
5601,Highly_Fatal_And_Damaging
5603,Minor_Damage_And_Injuries
5610,Highly_Fatal_And_Damaging
5618,Significant_Damage_And_Fatalities
5622,Highly_Fatal_And_Damaging
5623,Highly_Fatal_And_Damaging
5625,Significant_Damage_And_Serious_Injuries
5630,Highly_Fatal_And_Damaging
5637,Highly_Fatal_And_Damaging
5640,Significant_Damage_And_Fatalities
5642,Minor_Damage_And_Injuries
5643,Significant_Damage_And_Serious_Injuries
5648,Significant_Damage_And_Serious_Injuries
5653,Significant_Damage_And_Serious_Injuries
5656,Minor_Damage_And_Injuries
5666,Highly_Fatal_And_Damaging
5676,Minor_Damage_And_Injuries
5680,Highly_Fatal_And_Damaging
5690,Highly_Fatal_And_Damaging
5700,Significant_Damage_And_Fatalities
5702,Significant_Damage_And_Serious_Injuries
5708,Significant_Damage_And_Serious_Injuries
5709,Significant_Damage_And_Fatalities
5714,Significant_Damage_And_Serious_Injuries
5723,Significant_Damage_And_Fatalities
5729,Highly_Fatal_And_Damaging
5736,Highly_Fatal_And_Damaging
5744,Minor_Damage_And_Injuries
5750,Significant_Damage_And_Serious_Injuries
5751,Significant_Damage_And_Fatalities
5752,Significant_Damage_And_Fatalities
5753,Minor_Damage_And_Injuries
5757,Minor_Damage_And_Injuries
5760,Significant_Damage_And_Serious_Injuries
5768,Significant_Damage_And_Serious_Injuries
5772,Highly_Fatal_And_Damaging
5788,Minor_Damage_And_Injuries
5795,Highly_Fatal_And_Damaging
5800,Minor_Damage_And_Injuries
5806,Significant_Damage_And_Serious_Injuries
5809,Minor_Damage_And_Injuries
5810,Significant_Damage_And_Serious_Injuries
5819,Significant_Damage_And_Serious_Injuries
5822,Significant_Damage_And_Fatalities
5826,Minor_Damage_And_Injuries
5829,Minor_Damage_And_Injuries
5831,Significant_Damage_And_Serious_Injuries
5833,Highly_Fatal_And_Damaging
5837,Significant_Damage_And_Fatalities
5840,Minor_Damage_And_Injuries
5848,Highly_Fatal_And_Damaging
5852,Significant_Damage_And_Serious_Injuries
5868,Highly_Fatal_And_Damaging
5874,Highly_Fatal_And_Damaging
5876,Significant_Damage_And_Serious_Injuries
5883,Significant_Damage_And_Serious_Injuries
5888,Highly_Fatal_And_Damaging
5889,Highly_Fatal_And_Damaging
5898,Minor_Damage_And_Injuries
5899,Minor_Damage_And_Injuries
5903,Highly_Fatal_And_Damaging
5906,Significant_Damage_And_Fatalities
5907,Highly_Fatal_And_Damaging
5914,Highly_Fatal_And_Damaging
5919,Highly_Fatal_And_Damaging
5928,Highly_Fatal_And_Damaging
5930,Significant_Damage_And_Serious_Injuries
5936,Significant_Damage_And_Serious_Injuries
5948,Significant_Damage_And_Serious_Injuries
5950,Highly_Fatal_And_Damaging
5951,Highly_Fatal_And_Damaging
5954,Highly_Fatal_And_Damaging
5958,Highly_Fatal_And_Damaging
5964,Highly_Fatal_And_Damaging
5972,Highly_Fatal_And_Damaging
5979,Highly_Fatal_And_Damaging
5983,Minor_Damage_And_Injuries
5984,Minor_Damage_And_Injuries
5993,Significant_Damage_And_Serious_Injuries
5997,Significant_Damage_And_Serious_Injuries
6006,Significant_Damage_And_Serious_Injuries
6014,Highly_Fatal_And_Damaging
6018,Significant_Damage_And_Serious_Injuries
6019,Highly_Fatal_And_Damaging
6020,Highly_Fatal_And_Damaging
6023,Highly_Fatal_And_Damaging
6026,Significant_Damage_And_Fatalities
6030,Significant_Damage_And_Serious_Injuries
6036,Highly_Fatal_And_Damaging
6041,Significant_Damage_And_Fatalities
6042,Significant_Damage_And_Fatalities
6044,Highly_Fatal_And_Damaging
6053,Minor_Damage_And_Injuries
6055,Significant_Damage_And_Serious_Injuries
6056,Highly_Fatal_And_Damaging
6063,Minor_Damage_And_Injuries
6064,Significant_Damage_And_Serious_Injuries
6072,Significant_Damage_And_Serious_Injuries
6074,Minor_Damage_And_Injuries
6075,Highly_Fatal_And_Damaging
6078,Highly_Fatal_And_Damaging
6080,Highly_Fatal_And_Damaging
6081,Highly_Fatal_And_Damaging
6082,Minor_Damage_And_Injuries
6085,Significant_Damage_And_Fatalities
6095,Highly_Fatal_And_Damaging
6098,Highly_Fatal_And_Damaging
6104,Significant_Damage_And_Fatalities
6113,Significant_Damage_And_Serious_Injuries
6114,Minor_Damage_And_Injuries
6120,Highly_Fatal_And_Damaging
6121,Highly_Fatal_And_Damaging
6122,Minor_Damage_And_Injuries
6125,Highly_Fatal_And_Damaging
6137,Highly_Fatal_And_Damaging
6139,Highly_Fatal_And_Damaging
6147,Significant_Damage_And_Serious_Injuries
6150,Highly_Fatal_And_Damaging
6157,Significant_Damage_And_Fatalities
6162,Minor_Damage_And_Injuries
6167,Highly_Fatal_And_Damaging
6170,Highly_Fatal_And_Damaging
6178,Minor_Damage_And_Injuries
6185,Minor_Damage_And_Injuries
6187,Significant_Damage_And_Serious_Injuries
6188,Significant_Damage_And_Serious_Injuries
6189,Minor_Damage_And_Injuries
6190,Highly_Fatal_And_Damaging
6204,Significant_Damage_And_Serious_Injuries
6206,Minor_Damage_And_Injuries
6208,Minor_Damage_And_Injuries
6212,Significant_Damage_And_Fatalities
6215,Significant_Damage_And_Serious_Injuries
6221,Significant_Damage_And_Serious_Injuries
6234,Significant_Damage_And_Serious_Injuries
6240,Minor_Damage_And_Injuries
6241,Highly_Fatal_And_Damaging
6242,Significant_Damage_And_Fatalities
6247,Significant_Damage_And_Fatalities
6250,Minor_Damage_And_Injuries
6255,Significant_Damage_And_Fatalities
6257,Significant_Damage_And_Fatalities
6259,Highly_Fatal_And_Damaging
6260,Significant_Damage_And_Fatalities
6261,Significant_Damage_And_Serious_Injuries
6264,Significant_Damage_And_Fatalities
6266,Significant_Damage_And_Fatalities
6274,Significant_Damage_And_Serious_Injuries
6277,Significant_Damage_And_Fatalities
6287,Minor_Damage_And_Injuries
6290,Significant_Damage_And_Serious_Injuries
6296,Minor_Damage_And_Injuries
6301,Significant_Damage_And_Fatalities
6302,Significant_Damage_And_Fatalities
6312,Highly_Fatal_And_Damaging
6318,Minor_Damage_And_Injuries
6327,Minor_Damage_And_Injuries
6328,Significant_Damage_And_Serious_Injuries
6333,Minor_Damage_And_Injuries
6336,Significant_Damage_And_Serious_Injuries
6338,Highly_Fatal_And_Damaging
6342,Significant_Damage_And_Serious_Injuries
6349,Significant_Damage_And_Fatalities
6358,Significant_Damage_And_Serious_Injuries
6359,Minor_Damage_And_Injuries
6360,Minor_Damage_And_Injuries
6367,Significant_Damage_And_Fatalities
6377,Highly_Fatal_And_Damaging
6379,Minor_Damage_And_Injuries
6381,Significant_Damage_And_Serious_Injuries
6391,Highly_Fatal_And_Damaging
6400,Minor_Damage_And_Injuries
6402,Significant_Damage_And_Serious_Injuries
6405,Significant_Damage_And_Serious_Injuries
6415,Highly_Fatal_And_Damaging
6416,Minor_Damage_And_Injuries
6420,Minor_Damage_And_Injuries
6434,Significant_Damage_And_Serious_Injuries
6448,Minor_Damage_And_Injuries
6451,Highly_Fatal_And_Damaging
6453,Significant_Damage_And_Serious_Injuries
6459,Significant_Damage_And_Serious_Injuries
6461,Highly_Fatal_And_Damaging
6467,Highly_Fatal_And_Damaging
6468,Highly_Fatal_And_Damaging
6473,Highly_Fatal_And_Damaging
6484,Significant_Damage_And_Serious_Injuries
6486,Highly_Fatal_And_Damaging
6490,Highly_Fatal_And_Damaging
6502,Minor_Damage_And_Injuries
6503,Significant_Damage_And_Fatalities
6507,Significant_Damage_And_Serious_Injuries
6512,Significant_Damage_And_Fatalities
6523,Significant_Damage_And_Serious_Injuries
6528,Significant_Damage_And_Fatalities
6530,Significant_Damage_And_Fatalities
6543,Minor_Damage_And_Injuries
6546,Highly_Fatal_And_Damaging
6548,Significant_Damage_And_Fatalities
6551,Highly_Fatal_And_Damaging
6553,Significant_Damage_And_Serious_Injuries
6562,Highly_Fatal_And_Damaging
6571,Highly_Fatal_And_Damaging
6572,Significant_Damage_And_Serious_Injuries
6579,Highly_Fatal_And_Damaging
6584,Minor_Damage_And_Injuries
6588,Highly_Fatal_And_Damaging
6596,Minor_Damage_And_Injuries
6599,Highly_Fatal_And_Damaging
6625,Highly_Fatal_And_Damaging
6632,Significant_Damage_And_Fatalities
6641,Highly_Fatal_And_Damaging
6651,Minor_Damage_And_Injuries
6654,Highly_Fatal_And_Damaging
6657,Minor_Damage_And_Injuries
6665,Significant_Damage_And_Serious_Injuries
6671,Significant_Damage_And_Serious_Injuries
6672,Minor_Damage_And_Injuries
6675,Highly_Fatal_And_Damaging
6676,Minor_Damage_And_Injuries
6682,Highly_Fatal_And_Damaging
6684,Significant_Damage_And_Serious_Injuries
6692,Significant_Damage_And_Fatalities
6694,Highly_Fatal_And_Damaging
6700,Minor_Damage_And_Injuries
6723,Significant_Damage_And_Fatalities
6726,Highly_Fatal_And_Damaging
6729,Highly_Fatal_And_Damaging
6734,Significant_Damage_And_Fatalities
6737,Significant_Damage_And_Serious_Injuries
6738,Significant_Damage_And_Serious_Injuries
6745,Highly_Fatal_And_Damaging
6747,Significant_Damage_And_Serious_Injuries
6750,Significant_Damage_And_Serious_Injuries
6754,Minor_Damage_And_Injuries
6755,Significant_Damage_And_Serious_Injuries
6761,Minor_Damage_And_Injuries
6762,Highly_Fatal_And_Damaging
6765,Highly_Fatal_And_Damaging
6769,Minor_Damage_And_Injuries
6785,Minor_Damage_And_Injuries
6788,Significant_Damage_And_Fatalities
6793,Significant_Damage_And_Fatalities
6796,Significant_Damage_And_Fatalities
6799,Highly_Fatal_And_Damaging
6801,Highly_Fatal_And_Damaging
6807,Highly_Fatal_And_Damaging
6811,Significant_Damage_And_Serious_Injuries
6812,Significant_Damage_And_Fatalities
6815,Highly_Fatal_And_Damaging
6818,Minor_Damage_And_Injuries
6828,Significant_Damage_And_Serious_Injuries
6832,Highly_Fatal_And_Damaging
6833,Significant_Damage_And_Serious_Injuries
6836,Highly_Fatal_And_Damaging
6839,Significant_Damage_And_Serious_Injuries
6842,Highly_Fatal_And_Damaging
6845,Significant_Damage_And_Serious_Injuries
6848,Minor_Damage_And_Injuries
6849,Significant_Damage_And_Serious_Injuries
6850,Minor_Damage_And_Injuries
6853,Minor_Damage_And_Injuries
6862,Highly_Fatal_And_Damaging
6864,Significant_Damage_And_Serious_Injuries
6868,Highly_Fatal_And_Damaging
6872,Highly_Fatal_And_Damaging
6892,Significant_Damage_And_Fatalities
6895,Significant_Damage_And_Serious_Injuries
6897,Significant_Damage_And_Serious_Injuries
6900,Significant_Damage_And_Serious_Injuries
6904,Significant_Damage_And_Serious_Injuries
6907,Significant_Damage_And_Serious_Injuries
6912,Significant_Damage_And_Fatalities
6913,Significant_Damage_And_Fatalities
6920,Minor_Damage_And_Injuries
6922,Significant_Damage_And_Serious_Injuries
6924,Highly_Fatal_And_Damaging
6925,Minor_Damage_And_Injuries
6929,Significant_Damage_And_Serious_Injuries
6933,Significant_Damage_And_Serious_Injuries
6938,Minor_Damage_And_Injuries
6939,Minor_Damage_And_Injuries
6945,Minor_Damage_And_Injuries
6950,Minor_Damage_And_Injuries
6953,Significant_Damage_And_Serious_Injuries
6957,Highly_Fatal_And_Damaging
6961,Minor_Damage_And_Injuries
6970,Highly_Fatal_And_Damaging
6975,Significant_Damage_And_Fatalities
6978,Highly_Fatal_And_Damaging
6979,Significant_Damage_And_Serious_Injuries
6981,Significant_Damage_And_Serious_Injuries
6985,Minor_Damage_And_Injuries
6988,Significant_Damage_And_Fatalities
6989,Highly_Fatal_And_Damaging
6996,Significant_Damage_And_Fatalities
7007,Minor_Damage_And_Injuries
7008,Highly_Fatal_And_Damaging
7016,Highly_Fatal_And_Damaging
7021,Highly_Fatal_And_Damaging
7022,Significant_Damage_And_Serious_Injuries
7029,Minor_Damage_And_Injuries
7035,Highly_Fatal_And_Damaging
7066,Highly_Fatal_And_Damaging
7067,Highly_Fatal_And_Damaging
7068,Highly_Fatal_And_Damaging
7069,Highly_Fatal_And_Damaging
7072,Minor_Damage_And_Injuries
7077,Minor_Damage_And_Injuries
7079,Highly_Fatal_And_Damaging
7080,Highly_Fatal_And_Damaging
7090,Highly_Fatal_And_Damaging
7091,Significant_Damage_And_Serious_Injuries
7092,Significant_Damage_And_Fatalities
7093,Significant_Damage_And_Serious_Injuries
7109,Highly_Fatal_And_Damaging
7114,Highly_Fatal_And_Damaging
7118,Highly_Fatal_And_Damaging
7122,Significant_Damage_And_Serious_Injuries
7124,Minor_Damage_And_Injuries
7126,Highly_Fatal_And_Damaging
7132,Highly_Fatal_And_Damaging
7140,Highly_Fatal_And_Damaging
7154,Minor_Damage_And_Injuries
7156,Significant_Damage_And_Serious_Injuries
7158,Significant_Damage_And_Fatalities
7172,Significant_Damage_And_Fatalities
7173,Significant_Damage_And_Serious_Injuries
7174,Highly_Fatal_And_Damaging
7176,Highly_Fatal_And_Damaging
7177,Minor_Damage_And_Injuries
7179,Highly_Fatal_And_Damaging
7181,Minor_Damage_And_Injuries
7182,Significant_Damage_And_Serious_Injuries
7191,Significant_Damage_And_Fatalities
7194,Highly_Fatal_And_Damaging
7195,Significant_Damage_And_Fatalities
7200,Significant_Damage_And_Serious_Injuries
7201,Significant_Damage_And_Serious_Injuries
7205,Significant_Damage_And_Fatalities
7208,Highly_Fatal_And_Damaging
7209,Significant_Damage_And_Serious_Injuries
7210,Significant_Damage_And_Fatalities
7212,Highly_Fatal_And_Damaging
7213,Highly_Fatal_And_Damaging
7216,Significant_Damage_And_Fatalities
7218,Significant_Damage_And_Serious_Injuries
7221,Minor_Damage_And_Injuries
7222,Significant_Damage_And_Serious_Injuries
7223,Significant_Damage_And_Fatalities
7232,Significant_Damage_And_Serious_Injuries
7244,Significant_Damage_And_Serious_Injuries
7253,Highly_Fatal_And_Damaging
7255,Significant_Damage_And_Serious_Injuries
7267,Significant_Damage_And_Fatalities
7269,Highly_Fatal_And_Damaging
7279,Highly_Fatal_And_Damaging
7284,Minor_Damage_And_Injuries
7294,Highly_Fatal_And_Damaging
7296,Significant_Damage_And_Serious_Injuries
7298,Significant_Damage_And_Serious_Injuries
7307,Minor_Damage_And_Injuries
7323,Significant_Damage_And_Serious_Injuries
7333,Highly_Fatal_And_Damaging
7335,Minor_Damage_And_Injuries
7336,Highly_Fatal_And_Damaging
7338,Minor_Damage_And_Injuries
7345,Significant_Damage_And_Fatalities
7346,Minor_Damage_And_Injuries
7348,Significant_Damage_And_Serious_Injuries
7349,Significant_Damage_And_Serious_Injuries
7353,Highly_Fatal_And_Damaging
7354,Highly_Fatal_And_Damaging
7355,Highly_Fatal_And_Damaging
7356,Highly_Fatal_And_Damaging
7367,Significant_Damage_And_Fatalities
7370,Minor_Damage_And_Injuries
7375,Highly_Fatal_And_Damaging
7384,Significant_Damage_And_Serious_Injuries
7392,Highly_Fatal_And_Damaging
7394,Highly_Fatal_And_Damaging
7395,Highly_Fatal_And_Damaging
7401,Significant_Damage_And_Fatalities
7402,Significant_Damage_And_Fatalities
7407,Significant_Damage_And_Serious_Injuries
7420,Significant_Damage_And_Fatalities
7437,Minor_Damage_And_Injuries
7455,Highly_Fatal_And_Damaging
7460,Significant_Damage_And_Serious_Injuries
7476,Highly_Fatal_And_Damaging
7478,Highly_Fatal_And_Damaging
7484,Significant_Damage_And_Serious_Injuries
7491,Minor_Damage_And_Injuries
7492,Significant_Damage_And_Serious_Injuries
7495,Significant_Damage_And_Fatalities
7503,Significant_Damage_And_Serious_Injuries
7505,Significant_Damage_And_Serious_Injuries
7506,Highly_Fatal_And_Damaging
7508,Highly_Fatal_And_Damaging
7513,Minor_Damage_And_Injuries
7526,Minor_Damage_And_Injuries
7530,Significant_Damage_And_Serious_Injuries
7534,Minor_Damage_And_Injuries
7537,Highly_Fatal_And_Damaging
7541,Significant_Damage_And_Serious_Injuries
7542,Significant_Damage_And_Fatalities
7548,Significant_Damage_And_Serious_Injuries
7551,Significant_Damage_And_Serious_Injuries
7553,Highly_Fatal_And_Damaging
7554,Significant_Damage_And_Fatalities
7557,Significant_Damage_And_Serious_Injuries
7563,Significant_Damage_And_Fatalities
7568,Minor_Damage_And_Injuries
7581,Significant_Damage_And_Fatalities
7582,Highly_Fatal_And_Damaging
7587,Highly_Fatal_And_Damaging
7617,Highly_Fatal_And_Damaging
7621,Minor_Damage_And_Injuries
7623,Significant_Damage_And_Serious_Injuries
7633,Minor_Damage_And_Injuries
7639,Significant_Damage_And_Fatalities
7654,Significant_Damage_And_Fatalities
7660,Highly_Fatal_And_Damaging
7661,Significant_Damage_And_Fatalities
7662,Minor_Damage_And_Injuries
7663,Significant_Damage_And_Serious_Injuries
7664,Significant_Damage_And_Fatalities
7665,Highly_Fatal_And_Damaging
7668,Minor_Damage_And_Injuries
7682,Significant_Damage_And_Serious_Injuries
7683,Highly_Fatal_And_Damaging
7684,Minor_Damage_And_Injuries
7687,Significant_Damage_And_Serious_Injuries
7691,Significant_Damage_And_Serious_Injuries
7701,Significant_Damage_And_Fatalities
7702,Significant_Damage_And_Serious_Injuries
7705,Significant_Damage_And_Fatalities
7711,Minor_Damage_And_Injuries
7714,Minor_Damage_And_Injuries
7716,Highly_Fatal_And_Damaging
7725,Significant_Damage_And_Serious_Injuries
7726,Highly_Fatal_And_Damaging
7732,Highly_Fatal_And_Damaging
7748,Significant_Damage_And_Serious_Injuries
7755,Significant_Damage_And_Serious_Injuries
7759,Highly_Fatal_And_Damaging
7763,Minor_Damage_And_Injuries
7767,Highly_Fatal_And_Damaging
7769,Highly_Fatal_And_Damaging
7781,Highly_Fatal_And_Damaging
7783,Minor_Damage_And_Injuries
7790,Highly_Fatal_And_Damaging
7798,Minor_Damage_And_Injuries
7810,Significant_Damage_And_Fatalities
7821,Minor_Damage_And_Injuries
7824,Significant_Damage_And_Fatalities
7828,Significant_Damage_And_Serious_Injuries
7838,Significant_Damage_And_Serious_Injuries
7841,Minor_Damage_And_Injuries
7847,Significant_Damage_And_Serious_Injuries
7852,Significant_Damage_And_Serious_Injuries
7854,Highly_Fatal_And_Damaging
7857,Minor_Damage_And_Injuries
7867,Significant_Damage_And_Serious_Injuries
7868,Significant_Damage_And_Serious_Injuries
7869,Significant_Damage_And_Fatalities
7871,Significant_Damage_And_Serious_Injuries
7872,Significant_Damage_And_Serious_Injuries
7885,Highly_Fatal_And_Damaging
7889,Highly_Fatal_And_Damaging
7902,Minor_Damage_And_Injuries
7917,Highly_Fatal_And_Damaging
7918,Minor_Damage_And_Injuries
7919,Significant_Damage_And_Fatalities
7926,Highly_Fatal_And_Damaging
7927,Significant_Damage_And_Serious_Injuries
7928,Minor_Damage_And_Injuries
7947,Significant_Damage_And_Fatalities
7950,Highly_Fatal_And_Damaging
7952,Highly_Fatal_And_Damaging
7955,Minor_Damage_And_Injuries
7966,Highly_Fatal_And_Damaging
7981,Highly_Fatal_And_Damaging
7987,Highly_Fatal_And_Damaging
7996,Highly_Fatal_And_Damaging
7997,Significant_Damage_And_Serious_Injuries
8012,Minor_Damage_And_Injuries
8018,Minor_Damage_And_Injuries
8020,Significant_Damage_And_Fatalities
8021,Significant_Damage_And_Serious_Injuries
8028,Highly_Fatal_And_Damaging
8031,Significant_Damage_And_Serious_Injuries
8034,Minor_Damage_And_Injuries
8039,Significant_Damage_And_Serious_Injuries
8044,Significant_Damage_And_Serious_Injuries
8046,Highly_Fatal_And_Damaging
8049,Minor_Damage_And_Injuries
8052,Minor_Damage_And_Injuries
8054,Highly_Fatal_And_Damaging
8057,Minor_Damage_And_Injuries
8058,Significant_Damage_And_Serious_Injuries
8061,Significant_Damage_And_Fatalities
8074,Minor_Damage_And_Injuries
8075,Significant_Damage_And_Serious_Injuries
8078,Significant_Damage_And_Serious_Injuries
8081,Minor_Damage_And_Injuries
8084,Minor_Damage_And_Injuries
8088,Minor_Damage_And_Injuries
8089,Minor_Damage_And_Injuries
8090,Minor_Damage_And_Injuries
8097,Significant_Damage_And_Fatalities
8101,Highly_Fatal_And_Damaging
8105,Significant_Damage_And_Serious_Injuries
8115,Significant_Damage_And_Fatalities
8122,Significant_Damage_And_Serious_Injuries
8125,Highly_Fatal_And_Damaging
8132,Highly_Fatal_And_Damaging
8133,Significant_Damage_And_Serious_Injuries
8136,Minor_Damage_And_Injuries
8138,Significant_Damage_And_Serious_Injuries
8144,Highly_Fatal_And_Damaging
8146,Highly_Fatal_And_Damaging
8150,Significant_Damage_And_Serious_Injuries
8152,Highly_Fatal_And_Damaging
8157,Minor_Damage_And_Injuries
8167,Highly_Fatal_And_Damaging
8172,Significant_Damage_And_Fatalities
8178,Significant_Damage_And_Fatalities
8184,Significant_Damage_And_Serious_Injuries
8186,Highly_Fatal_And_Damaging
8187,Highly_Fatal_And_Damaging
8190,Highly_Fatal_And_Damaging
8198,Significant_Damage_And_Fatalities
8200,Highly_Fatal_And_Damaging
8206,Significant_Damage_And_Fatalities
8217,Significant_Damage_And_Serious_Injuries
8221,Significant_Damage_And_Serious_Injuries
8224,Minor_Damage_And_Injuries
8230,Significant_Damage_And_Fatalities
8233,Minor_Damage_And_Injuries
8237,Minor_Damage_And_Injuries
8239,Significant_Damage_And_Serious_Injuries
8240,Highly_Fatal_And_Damaging
8242,Significant_Damage_And_Fatalities
8243,Highly_Fatal_And_Damaging
8246,Significant_Damage_And_Serious_Injuries
8251,Significant_Damage_And_Serious_Injuries
8253,Highly_Fatal_And_Damaging
8268,Significant_Damage_And_Fatalities
8269,Significant_Damage_And_Serious_Injuries
8277,Minor_Damage_And_Injuries
8287,Highly_Fatal_And_Damaging
8294,Minor_Damage_And_Injuries
8297,Significant_Damage_And_Serious_Injuries
8314,Highly_Fatal_And_Damaging
8315,Minor_Damage_And_Injuries
8317,Minor_Damage_And_Injuries
8319,Highly_Fatal_And_Damaging
8322,Highly_Fatal_And_Damaging
8327,Highly_Fatal_And_Damaging
8329,Significant_Damage_And_Fatalities
8336,Minor_Damage_And_Injuries
8345,Significant_Damage_And_Serious_Injuries
8361,Minor_Damage_And_Injuries
8362,Highly_Fatal_And_Damaging
8365,Minor_Damage_And_Injuries
8369,Minor_Damage_And_Injuries
8372,Significant_Damage_And_Fatalities
8374,Significant_Damage_And_Serious_Injuries
8376,Highly_Fatal_And_Damaging
8377,Highly_Fatal_And_Damaging
8388,Minor_Damage_And_Injuries
8389,Minor_Damage_And_Injuries
8390,Highly_Fatal_And_Damaging
8395,Significant_Damage_And_Fatalities
8402,Minor_Damage_And_Injuries
8412,Minor_Damage_And_Injuries
8419,Significant_Damage_And_Serious_Injuries
8426,Highly_Fatal_And_Damaging
8428,Significant_Damage_And_Serious_Injuries
8429,Significant_Damage_And_Serious_Injuries
8431,Significant_Damage_And_Fatalities
8450,Highly_Fatal_And_Damaging
8456,Highly_Fatal_And_Damaging
8463,Minor_Damage_And_Injuries
8490,Highly_Fatal_And_Damaging
8491,Significant_Damage_And_Serious_Injuries
8496,Minor_Damage_And_Injuries
8507,Significant_Damage_And_Serious_Injuries
8513,Minor_Damage_And_Injuries
8517,Significant_Damage_And_Serious_Injuries
8519,Significant_Damage_And_Fatalities
8524,Significant_Damage_And_Fatalities
8542,Significant_Damage_And_Serious_Injuries
8543,Significant_Damage_And_Serious_Injuries
8551,Minor_Damage_And_Injuries
8553,Significant_Damage_And_Serious_Injuries
8562,Significant_Damage_And_Fatalities
8567,Significant_Damage_And_Fatalities
8571,Significant_Damage_And_Serious_Injuries
8574,Minor_Damage_And_Injuries
8575,Highly_Fatal_And_Damaging
8576,Significant_Damage_And_Serious_Injuries
8586,Highly_Fatal_And_Damaging
8587,Highly_Fatal_And_Damaging
8590,Highly_Fatal_And_Damaging
8594,Significant_Damage_And_Fatalities
8596,Minor_Damage_And_Injuries
8599,Highly_Fatal_And_Damaging
8604,Highly_Fatal_And_Damaging
8606,Minor_Damage_And_Injuries
8620,Highly_Fatal_And_Damaging
8623,Significant_Damage_And_Serious_Injuries
8643,Significant_Damage_And_Serious_Injuries
8652,Minor_Damage_And_Injuries
8653,Significant_Damage_And_Fatalities
8655,Significant_Damage_And_Fatalities
8657,Minor_Damage_And_Injuries
8663,Minor_Damage_And_Injuries
8665,Minor_Damage_And_Injuries
8685,Highly_Fatal_And_Damaging
8715,Significant_Damage_And_Serious_Injuries
8719,Highly_Fatal_And_Damaging
8724,Minor_Damage_And_Injuries
8725,Highly_Fatal_And_Damaging
8726,Highly_Fatal_And_Damaging
8728,Significant_Damage_And_Serious_Injuries
8729,Highly_Fatal_And_Damaging
8730,Highly_Fatal_And_Damaging
8737,Minor_Damage_And_Injuries
8743,Significant_Damage_And_Serious_Injuries
8744,Significant_Damage_And_Serious_Injuries
8747,Significant_Damage_And_Fatalities
8749,Significant_Damage_And_Fatalities
8751,Significant_Damage_And_Serious_Injuries
8754,Highly_Fatal_And_Damaging
8756,Minor_Damage_And_Injuries
8759,Significant_Damage_And_Serious_Injuries
8767,Significant_Damage_And_Serious_Injuries
8772,Significant_Damage_And_Fatalities
8773,Highly_Fatal_And_Damaging
8776,Significant_Damage_And_Serious_Injuries
8780,Highly_Fatal_And_Damaging
8781,Significant_Damage_And_Serious_Injuries
8786,Minor_Damage_And_Injuries
8791,Significant_Damage_And_Serious_Injuries
8793,Highly_Fatal_And_Damaging
8796,Significant_Damage_And_Fatalities
8798,Significant_Damage_And_Serious_Injuries
8804,Significant_Damage_And_Fatalities
8812,Significant_Damage_And_Fatalities
8815,Highly_Fatal_And_Damaging
8862,Significant_Damage_And_Serious_Injuries
8867,Highly_Fatal_And_Damaging
8870,Minor_Damage_And_Injuries
8873,Minor_Damage_And_Injuries
8875,Highly_Fatal_And_Damaging
8881,Significant_Damage_And_Fatalities
8882,Significant_Damage_And_Fatalities
8901,Significant_Damage_And_Serious_Injuries
8903,Minor_Damage_And_Injuries
8905,Significant_Damage_And_Serious_Injuries
8908,Significant_Damage_And_Serious_Injuries
8909,Highly_Fatal_And_Damaging
8913,Highly_Fatal_And_Damaging
8916,Significant_Damage_And_Serious_Injuries
8931,Significant_Damage_And_Fatalities
8936,Significant_Damage_And_Fatalities
8943,Highly_Fatal_And_Damaging
8944,Significant_Damage_And_Serious_Injuries
8961,Significant_Damage_And_Fatalities
8970,Significant_Damage_And_Fatalities
8976,Significant_Damage_And_Serious_Injuries
8983,Highly_Fatal_And_Damaging
8989,Minor_Damage_And_Injuries
8998,Highly_Fatal_And_Damaging
8999,Highly_Fatal_And_Damaging
9002,Highly_Fatal_And_Damaging
9013,Highly_Fatal_And_Damaging
9014,Significant_Damage_And_Serious_Injuries
9018,Significant_Damage_And_Serious_Injuries
9026,Minor_Damage_And_Injuries
9027,Significant_Damage_And_Serious_Injuries
9033,Highly_Fatal_And_Damaging
9035,Highly_Fatal_And_Damaging
9040,Significant_Damage_And_Serious_Injuries
9047,Minor_Damage_And_Injuries
9049,Highly_Fatal_And_Damaging
9051,Minor_Damage_And_Injuries
9057,Highly_Fatal_And_Damaging
9072,Highly_Fatal_And_Damaging
9078,Significant_Damage_And_Fatalities
9080,Highly_Fatal_And_Damaging
9081,Significant_Damage_And_Serious_Injuries
9083,Highly_Fatal_And_Damaging
9088,Significant_Damage_And_Serious_Injuries
9089,Highly_Fatal_And_Damaging
9109,Highly_Fatal_And_Damaging
9111,Significant_Damage_And_Serious_Injuries
9113,Minor_Damage_And_Injuries
9117,Minor_Damage_And_Injuries
9119,Highly_Fatal_And_Damaging
9123,Significant_Damage_And_Serious_Injuries
9127,Significant_Damage_And_Serious_Injuries
9135,Minor_Damage_And_Injuries
9139,Highly_Fatal_And_Damaging
9143,Minor_Damage_And_Injuries
9148,Minor_Damage_And_Injuries
9160,Highly_Fatal_And_Damaging
9166,Significant_Damage_And_Serious_Injuries
9176,Significant_Damage_And_Fatalities
9177,Minor_Damage_And_Injuries
9178,Significant_Damage_And_Fatalities
9181,Minor_Damage_And_Injuries
9185,Significant_Damage_And_Fatalities
9187,Highly_Fatal_And_Damaging
9192,Minor_Damage_And_Injuries
9200,Minor_Damage_And_Injuries
9212,Significant_Damage_And_Serious_Injuries
9219,Significant_Damage_And_Serious_Injuries
9230,Significant_Damage_And_Serious_Injuries
9231,Minor_Damage_And_Injuries
9232,Minor_Damage_And_Injuries
9239,Significant_Damage_And_Fatalities
9242,Highly_Fatal_And_Damaging
9245,Significant_Damage_And_Serious_Injuries
9247,Highly_Fatal_And_Damaging
9250,Highly_Fatal_And_Damaging
9252,Highly_Fatal_And_Damaging
9257,Minor_Damage_And_Injuries
9260,Significant_Damage_And_Serious_Injuries
9264,Minor_Damage_And_Injuries
9266,Significant_Damage_And_Fatalities
9270,Highly_Fatal_And_Damaging
9274,Significant_Damage_And_Serious_Injuries
9279,Highly_Fatal_And_Damaging
9281,Minor_Damage_And_Injuries
9282,Minor_Damage_And_Injuries
9283,Significant_Damage_And_Serious_Injuries
9292,Significant_Damage_And_Fatalities
9300,Minor_Damage_And_Injuries
9302,Minor_Damage_And_Injuries
9303,Significant_Damage_And_Serious_Injuries
9308,Highly_Fatal_And_Damaging
9313,Highly_Fatal_And_Damaging
9321,Significant_Damage_And_Serious_Injuries
9324,Highly_Fatal_And_Damaging
9333,Significant_Damage_And_Fatalities
9340,Minor_Damage_And_Injuries
9349,Highly_Fatal_And_Damaging
9351,Significant_Damage_And_Serious_Injuries
9352,Highly_Fatal_And_Damaging
9353,Minor_Damage_And_Injuries
9359,Minor_Damage_And_Injuries
9363,Highly_Fatal_And_Damaging
9365,Significant_Damage_And_Serious_Injuries
9373,Significant_Damage_And_Serious_Injuries
9377,Minor_Damage_And_Injuries
9383,Minor_Damage_And_Injuries
9389,Significant_Damage_And_Serious_Injuries
9392,Highly_Fatal_And_Damaging
9400,Highly_Fatal_And_Damaging
9401,Significant_Damage_And_Fatalities
9407,Significant_Damage_And_Fatalities
9408,Minor_Damage_And_Injuries
9417,Minor_Damage_And_Injuries
9423,Highly_Fatal_And_Damaging
9424,Significant_Damage_And_Serious_Injuries
9430,Minor_Damage_And_Injuries
9449,Highly_Fatal_And_Damaging
9452,Significant_Damage_And_Fatalities
9453,Minor_Damage_And_Injuries
9456,Highly_Fatal_And_Damaging
9461,Minor_Damage_And_Injuries
9463,Significant_Damage_And_Fatalities
9465,Minor_Damage_And_Injuries
9471,Minor_Damage_And_Injuries
9484,Highly_Fatal_And_Damaging
9489,Significant_Damage_And_Serious_Injuries
9495,Minor_Damage_And_Injuries
9508,Minor_Damage_And_Injuries
9515,Highly_Fatal_And_Damaging
9521,Highly_Fatal_And_Damaging
9528,Minor_Damage_And_Injuries
9534,Highly_Fatal_And_Damaging
9539,Significant_Damage_And_Serious_Injuries
9540,Highly_Fatal_And_Damaging
9553,Significant_Damage_And_Serious_Injuries
9557,Significant_Damage_And_Serious_Injuries
9565,Highly_Fatal_And_Damaging
9572,Minor_Damage_And_Injuries
9583,Highly_Fatal_And_Damaging
9584,Highly_Fatal_And_Damaging
9585,Minor_Damage_And_Injuries
9588,Significant_Damage_And_Fatalities
9591,Significant_Damage_And_Serious_Injuries
9595,Significant_Damage_And_Serious_Injuries
9602,Highly_Fatal_And_Damaging
9612,Significant_Damage_And_Serious_Injuries
9615,Minor_Damage_And_Injuries
9622,Significant_Damage_And_Serious_Injuries
9632,Highly_Fatal_And_Damaging
9636,Significant_Damage_And_Serious_Injuries
9640,Significant_Damage_And_Serious_Injuries
9641,Highly_Fatal_And_Damaging
9648,Significant_Damage_And_Serious_Injuries
9659,Minor_Damage_And_Injuries
9667,Significant_Damage_And_Serious_Injuries
9669,Significant_Damage_And_Serious_Injuries
9672,Minor_Damage_And_Injuries
9689,Minor_Damage_And_Injuries
9694,Significant_Damage_And_Fatalities
9695,Significant_Damage_And_Serious_Injuries
9696,Minor_Damage_And_Injuries
9699,Significant_Damage_And_Fatalities
9717,Highly_Fatal_And_Damaging
9720,Significant_Damage_And_Fatalities
9721,Minor_Damage_And_Injuries
9729,Significant_Damage_And_Serious_Injuries
9736,Highly_Fatal_And_Damaging
9740,Significant_Damage_And_Serious_Injuries
9746,Significant_Damage_And_Serious_Injuries
9748,Minor_Damage_And_Injuries
9750,Minor_Damage_And_Injuries
9751,Significant_Damage_And_Serious_Injuries
9755,Significant_Damage_And_Serious_Injuries
9757,Significant_Damage_And_Fatalities
9759,Minor_Damage_And_Injuries
9761,Highly_Fatal_And_Damaging
9770,Significant_Damage_And_Serious_Injuries
9778,Minor_Damage_And_Injuries
9779,Significant_Damage_And_Fatalities
9783,Significant_Damage_And_Serious_Injuries
9784,Significant_Damage_And_Fatalities
9791,Significant_Damage_And_Fatalities
9798,Highly_Fatal_And_Damaging
9804,Highly_Fatal_And_Damaging
9809,Significant_Damage_And_Fatalities
9811,Minor_Damage_And_Injuries
9817,Highly_Fatal_And_Damaging
9818,Significant_Damage_And_Serious_Injuries
9819,Significant_Damage_And_Fatalities
9820,Highly_Fatal_And_Damaging
9838,Significant_Damage_And_Serious_Injuries
9840,Significant_Damage_And_Serious_Injuries
9856,Significant_Damage_And_Fatalities
9858,Minor_Damage_And_Injuries
9861,Highly_Fatal_And_Damaging
9864,Significant_Damage_And_Serious_Injuries
9866,Highly_Fatal_And_Damaging
9889,Highly_Fatal_And_Damaging
9890,Significant_Damage_And_Fatalities
9894,Significant_Damage_And_Serious_Injuries
9896,Significant_Damage_And_Serious_Injuries
9900,Significant_Damage_And_Serious_Injuries
9901,Minor_Damage_And_Injuries
9903,Highly_Fatal_And_Damaging
9905,Minor_Damage_And_Injuries
9906,Significant_Damage_And_Fatalities
9912,Highly_Fatal_And_Damaging
9913,Significant_Damage_And_Fatalities
9915,Significant_Damage_And_Serious_Injuries
9918,Significant_Damage_And_Serious_Injuries
9919,Significant_Damage_And_Fatalities
9920,Highly_Fatal_And_Damaging
9924,Highly_Fatal_And_Damaging
9925,Minor_Damage_And_Injuries
9930,Highly_Fatal_And_Damaging
9936,Minor_Damage_And_Injuries
9939,Highly_Fatal_And_Damaging
9945,Significant_Damage_And_Serious_Injuries
9947,Highly_Fatal_And_Damaging
9948,Minor_Damage_And_Injuries
9956,Significant_Damage_And_Serious_Injuries
9963,Highly_Fatal_And_Damaging
9965,Minor_Damage_And_Injuries
9969,Significant_Damage_And_Serious_Injuries
9972,Significant_Damage_And_Serious_Injuries
9980,Minor_Damage_And_Injuries
9985,Minor_Damage_And_Injuries
9991,Highly_Fatal_And_Damaging
9999,Highly_Fatal_And_Damaging
10000,Highly_Fatal_And_Damaging
10002,Significant_Damage_And_Serious_Injuries
10004,Minor_Damage_And_Injuries
10006,Minor_Damage_And_Injuries
10008,Highly_Fatal_And_Damaging
10024,Minor_Damage_And_Injuries
10032,Highly_Fatal_And_Damaging
10038,Minor_Damage_And_Injuries
10054,Highly_Fatal_And_Damaging
10057,Significant_Damage_And_Serious_Injuries
10062,Significant_Damage_And_Fatalities
10069,Significant_Damage_And_Serious_Injuries
10074,Significant_Damage_And_Serious_Injuries
10085,Highly_Fatal_And_Damaging
10086,Minor_Damage_And_Injuries
10089,Significant_Damage_And_Serious_Injuries
10092,Minor_Damage_And_Injuries
10102,Highly_Fatal_And_Damaging
10104,Significant_Damage_And_Fatalities
10112,Highly_Fatal_And_Damaging
10114,Minor_Damage_And_Injuries
10129,Significant_Damage_And_Serious_Injuries
10134,Highly_Fatal_And_Damaging
10138,Highly_Fatal_And_Damaging
10145,Significant_Damage_And_Serious_Injuries
10152,Significant_Damage_And_Fatalities
10156,Minor_Damage_And_Injuries
10171,Minor_Damage_And_Injuries
10182,Highly_Fatal_And_Damaging
10183,Significant_Damage_And_Serious_Injuries
10185,Minor_Damage_And_Injuries
10194,Minor_Damage_And_Injuries
10199,Significant_Damage_And_Serious_Injuries
10212,Significant_Damage_And_Serious_Injuries
10220,Minor_Damage_And_Injuries
10222,Minor_Damage_And_Injuries
10233,Significant_Damage_And_Serious_Injuries
10235,Highly_Fatal_And_Damaging
10236,Significant_Damage_And_Fatalities
10243,Significant_Damage_And_Fatalities
10247,Highly_Fatal_And_Damaging
10251,Highly_Fatal_And_Damaging
10253,Significant_Damage_And_Serious_Injuries
10263,Significant_Damage_And_Fatalities
10273,Significant_Damage_And_Serious_Injuries
10276,Highly_Fatal_And_Damaging
10282,Minor_Damage_And_Injuries
10291,Significant_Damage_And_Serious_Injuries
10298,Highly_Fatal_And_Damaging
10300,Minor_Damage_And_Injuries
10303,Significant_Damage_And_Serious_Injuries
10306,Significant_Damage_And_Serious_Injuries
10307,Significant_Damage_And_Fatalities
10310,Significant_Damage_And_Fatalities
10316,Minor_Damage_And_Injuries
10324,Significant_Damage_And_Fatalities
10325,Highly_Fatal_And_Damaging
10331,Highly_Fatal_And_Damaging
10332,Significant_Damage_And_Fatalities
10338,Significant_Damage_And_Serious_Injuries
10351,Highly_Fatal_And_Damaging
10358,Highly_Fatal_And_Damaging
10359,Significant_Damage_And_Serious_Injuries
10360,Significant_Damage_And_Serious_Injuries
10366,Significant_Damage_And_Serious_Injuries
10372,Minor_Damage_And_Injuries
10374,Minor_Damage_And_Injuries
10390,Minor_Damage_And_Injuries
10400,Significant_Damage_And_Serious_Injuries
10404,Significant_Damage_And_Serious_Injuries
10406,Minor_Damage_And_Injuries
10425,Minor_Damage_And_Injuries
10442,Significant_Damage_And_Fatalities
10452,Highly_Fatal_And_Damaging
10465,Significant_Damage_And_Serious_Injuries
10467,Significant_Damage_And_Fatalities
10480,Highly_Fatal_And_Damaging
10483,Significant_Damage_And_Fatalities
10486,Highly_Fatal_And_Damaging
10490,Minor_Damage_And_Injuries
10491,Highly_Fatal_And_Damaging
10495,Significant_Damage_And_Fatalities
10496,Minor_Damage_And_Injuries
10504,Significant_Damage_And_Serious_Injuries
10506,Minor_Damage_And_Injuries
10508,Significant_Damage_And_Fatalities
10514,Highly_Fatal_And_Damaging
10515,Minor_Damage_And_Injuries
10517,Highly_Fatal_And_Damaging
10518,Highly_Fatal_And_Damaging
10520,Significant_Damage_And_Fatalities
10527,Highly_Fatal_And_Damaging
10535,Minor_Damage_And_Injuries
10536,Highly_Fatal_And_Damaging
10547,Minor_Damage_And_Injuries
10553,Minor_Damage_And_Injuries
10555,Significant_Damage_And_Fatalities
10556,Significant_Damage_And_Fatalities
10557,Highly_Fatal_And_Damaging
10560,Significant_Damage_And_Fatalities
10572,Highly_Fatal_And_Damaging
10573,Minor_Damage_And_Injuries
10582,Highly_Fatal_And_Damaging
10587,Significant_Damage_And_Serious_Injuries
10588,Highly_Fatal_And_Damaging
10596,Significant_Damage_And_Serious_Injuries
10600,Highly_Fatal_And_Damaging
10601,Significant_Damage_And_Fatalities
10604,Highly_Fatal_And_Damaging
10607,Highly_Fatal_And_Damaging
10613,Highly_Fatal_And_Damaging
10618,Highly_Fatal_And_Damaging
10621,Highly_Fatal_And_Damaging
10624,Significant_Damage_And_Serious_Injuries
10633,Significant_Damage_And_Serious_Injuries
10638,Significant_Damage_And_Serious_Injuries
10640,Significant_Damage_And_Serious_Injuries
10644,Significant_Damage_And_Fatalities
10647,Highly_Fatal_And_Damaging
10653,Minor_Damage_And_Injuries
10657,Significant_Damage_And_Serious_Injuries
10658,Significant_Damage_And_Fatalities
10670,Minor_Damage_And_Injuries
10674,Minor_Damage_And_Injuries
10685,Significant_Damage_And_Serious_Injuries
10687,Highly_Fatal_And_Damaging
10691,Minor_Damage_And_Injuries
10692,Minor_Damage_And_Injuries
10698,Highly_Fatal_And_Damaging
10699,Minor_Damage_And_Injuries
10702,Significant_Damage_And_Serious_Injuries
10711,Significant_Damage_And_Serious_Injuries
10713,Significant_Damage_And_Fatalities
10718,Highly_Fatal_And_Damaging
10729,Minor_Damage_And_Injuries
10733,Significant_Damage_And_Fatalities
10736,Highly_Fatal_And_Damaging
10737,Significant_Damage_And_Serious_Injuries
10740,Significant_Damage_And_Serious_Injuries
10746,Highly_Fatal_And_Damaging
10748,Significant_Damage_And_Serious_Injuries
10749,Highly_Fatal_And_Damaging
10750,Highly_Fatal_And_Damaging
10751,Significant_Damage_And_Serious_Injuries
10753,Highly_Fatal_And_Damaging
10776,Minor_Damage_And_Injuries
10781,Significant_Damage_And_Fatalities
10786,Significant_Damage_And_Fatalities
10792,Significant_Damage_And_Serious_Injuries
10798,Minor_Damage_And_Injuries
10799,Minor_Damage_And_Injuries
10808,Highly_Fatal_And_Damaging
10809,Significant_Damage_And_Fatalities
10810,Significant_Damage_And_Serious_Injuries
10812,Highly_Fatal_And_Damaging
10813,Significant_Damage_And_Serious_Injuries
10815,Highly_Fatal_And_Damaging
10819,Highly_Fatal_And_Damaging
10821,Highly_Fatal_And_Damaging
10826,Minor_Damage_And_Injuries
10832,Highly_Fatal_And_Damaging
10836,Minor_Damage_And_Injuries
10846,Highly_Fatal_And_Damaging
10853,Highly_Fatal_And_Damaging
10854,Significant_Damage_And_Fatalities
10866,Significant_Damage_And_Fatalities
10867,Minor_Damage_And_Injuries
10875,Highly_Fatal_And_Damaging
10882,Significant_Damage_And_Serious_Injuries
10892,Highly_Fatal_And_Damaging
10895,Significant_Damage_And_Fatalities
10915,Highly_Fatal_And_Damaging
10921,Minor_Damage_And_Injuries
10926,Significant_Damage_And_Fatalities
10927,Significant_Damage_And_Serious_Injuries
10934,Significant_Damage_And_Fatalities
10936,Significant_Damage_And_Serious_Injuries
10938,Highly_Fatal_And_Damaging
10941,Significant_Damage_And_Serious_Injuries
10953,Minor_Damage_And_Injuries
10956,Highly_Fatal_And_Damaging
10957,Highly_Fatal_And_Damaging
10959,Minor_Damage_And_Injuries
10960,Highly_Fatal_And_Damaging
10963,Minor_Damage_And_Injuries
10970,Significant_Damage_And_Fatalities
10981,Minor_Damage_And_Injuries
10982,Highly_Fatal_And_Damaging
10984,Highly_Fatal_And_Damaging
10988,Significant_Damage_And_Serious_Injuries
10996,Significant_Damage_And_Serious_Injuries
11002,Significant_Damage_And_Serious_Injuries
11011,Significant_Damage_And_Serious_Injuries
11017,Highly_Fatal_And_Damaging
11019,Significant_Damage_And_Serious_Injuries
11024,Significant_Damage_And_Serious_Injuries
11029,Significant_Damage_And_Serious_Injuries
11030,Highly_Fatal_And_Damaging
11032,Significant_Damage_And_Serious_Injuries
11036,Highly_Fatal_And_Damaging
11037,Highly_Fatal_And_Damaging
11040,Highly_Fatal_And_Damaging
11043,Highly_Fatal_And_Damaging
11051,Minor_Damage_And_Injuries
11055,Minor_Damage_And_Injuries
11056,Highly_Fatal_And_Damaging
11059,Highly_Fatal_And_Damaging
11063,Significant_Damage_And_Serious_Injuries
11067,Highly_Fatal_And_Damaging
11069,Significant_Damage_And_Serious_Injuries
11080,Minor_Damage_And_Injuries
11082,Significant_Damage_And_Serious_Injuries
11083,Significant_Damage_And_Fatalities
11095,Minor_Damage_And_Injuries
11102,Significant_Damage_And_Serious_Injuries
11114,Minor_Damage_And_Injuries
11115,Highly_Fatal_And_Damaging
11122,Significant_Damage_And_Fatalities
11125,Highly_Fatal_And_Damaging
11132,Highly_Fatal_And_Damaging
11140,Minor_Damage_And_Injuries
11147,Highly_Fatal_And_Damaging
11148,Significant_Damage_And_Serious_Injuries
11151,Minor_Damage_And_Injuries
11156,Minor_Damage_And_Injuries
11168,Minor_Damage_And_Injuries
11174,Minor_Damage_And_Injuries
11175,Highly_Fatal_And_Damaging
11180,Minor_Damage_And_Injuries
11189,Highly_Fatal_And_Damaging
11193,Significant_Damage_And_Fatalities
11196,Highly_Fatal_And_Damaging
11197,Minor_Damage_And_Injuries
11198,Significant_Damage_And_Fatalities
11199,Minor_Damage_And_Injuries
11204,Minor_Damage_And_Injuries
11211,Highly_Fatal_And_Damaging
11225,Significant_Damage_And_Fatalities
11235,Significant_Damage_And_Serious_Injuries
11239,Significant_Damage_And_Fatalities
11241,Minor_Damage_And_Injuries
11250,Significant_Damage_And_Serious_Injuries
11251,Highly_Fatal_And_Damaging
11254,Minor_Damage_And_Injuries
11260,Highly_Fatal_And_Damaging
11261,Significant_Damage_And_Fatalities
11263,Significant_Damage_And_Serious_Injuries
11267,Highly_Fatal_And_Damaging
11270,Significant_Damage_And_Serious_Injuries
11272,Minor_Damage_And_Injuries
11275,Highly_Fatal_And_Damaging
11276,Significant_Damage_And_Serious_Injuries
11280,Significant_Damage_And_Fatalities
11282,Significant_Damage_And_Fatalities
11287,Minor_Damage_And_Injuries
11289,Significant_Damage_And_Fatalities
11291,Highly_Fatal_And_Damaging
11293,Minor_Damage_And_Injuries
11297,Significant_Damage_And_Fatalities
11301,Minor_Damage_And_Injuries
11308,Significant_Damage_And_Serious_Injuries
11309,Highly_Fatal_And_Damaging
11310,Significant_Damage_And_Fatalities
11311,Significant_Damage_And_Serious_Injuries
11312,Significant_Damage_And_Serious_Injuries
11315,Significant_Damage_And_Serious_Injuries
11317,Significant_Damage_And_Fatalities
11326,Minor_Damage_And_Injuries
11334,Highly_Fatal_And_Damaging
11337,Minor_Damage_And_Injuries
11339,Significant_Damage_And_Serious_Injuries
11346,Minor_Damage_And_Injuries
11347,Significant_Damage_And_Fatalities
11348,Significant_Damage_And_Serious_Injuries
11352,Significant_Damage_And_Fatalities
11357,Significant_Damage_And_Fatalities
11360,Significant_Damage_And_Serious_Injuries
11368,Significant_Damage_And_Fatalities
11396,Significant_Damage_And_Fatalities
11405,Significant_Damage_And_Serious_Injuries
11411,Significant_Damage_And_Serious_Injuries
11412,Significant_Damage_And_Serious_Injuries
11414,Minor_Damage_And_Injuries
11417,Significant_Damage_And_Serious_Injuries
11421,Significant_Damage_And_Fatalities
11424,Significant_Damage_And_Serious_Injuries
11428,Significant_Damage_And_Fatalities
11436,Significant_Damage_And_Serious_Injuries
11438,Significant_Damage_And_Fatalities
11439,Highly_Fatal_And_Damaging
11449,Significant_Damage_And_Fatalities
11454,Minor_Damage_And_Injuries
11456,Significant_Damage_And_Serious_Injuries
11458,Minor_Damage_And_Injuries
11460,Minor_Damage_And_Injuries
11461,Minor_Damage_And_Injuries
11467,Minor_Damage_And_Injuries
11468,Highly_Fatal_And_Damaging
11480,Significant_Damage_And_Fatalities
11485,Minor_Damage_And_Injuries
11486,Highly_Fatal_And_Damaging
11491,Significant_Damage_And_Serious_Injuries
11498,Highly_Fatal_And_Damaging
11501,Minor_Damage_And_Injuries
11502,Highly_Fatal_And_Damaging
11506,Highly_Fatal_And_Damaging
11521,Highly_Fatal_And_Damaging
11523,Highly_Fatal_And_Damaging
11524,Minor_Damage_And_Injuries
11529,Highly_Fatal_And_Damaging
11532,Minor_Damage_And_Injuries
11542,Highly_Fatal_And_Damaging
11555,Highly_Fatal_And_Damaging
11559,Highly_Fatal_And_Damaging
11563,Significant_Damage_And_Fatalities
11566,Minor_Damage_And_Injuries
11572,Minor_Damage_And_Injuries
11575,Significant_Damage_And_Serious_Injuries
11577,Significant_Damage_And_Fatalities
11579,Minor_Damage_And_Injuries
11581,Highly_Fatal_And_Damaging
11591,Highly_Fatal_And_Damaging
11594,Highly_Fatal_And_Damaging
11598,Highly_Fatal_And_Damaging
11599,Minor_Damage_And_Injuries
11601,Highly_Fatal_And_Damaging
11602,Highly_Fatal_And_Damaging
11603,Significant_Damage_And_Serious_Injuries
11610,Significant_Damage_And_Fatalities
11611,Minor_Damage_And_Injuries
11614,Significant_Damage_And_Serious_Injuries
11621,Significant_Damage_And_Serious_Injuries
11625,Minor_Damage_And_Injuries
11632,Significant_Damage_And_Serious_Injuries
11633,Significant_Damage_And_Serious_Injuries
11639,Minor_Damage_And_Injuries
11643,Highly_Fatal_And_Damaging
11647,Highly_Fatal_And_Damaging
11648,Highly_Fatal_And_Damaging
11650,Minor_Damage_And_Injuries
11657,Significant_Damage_And_Serious_Injuries
11662,Minor_Damage_And_Injuries
11667,Highly_Fatal_And_Damaging
11681,Highly_Fatal_And_Damaging
11687,Highly_Fatal_And_Damaging
11691,Significant_Damage_And_Serious_Injuries
11707,Highly_Fatal_And_Damaging
11708,Minor_Damage_And_Injuries
11722,Minor_Damage_And_Injuries
11726,Significant_Damage_And_Serious_Injuries
11729,Highly_Fatal_And_Damaging
11735,Significant_Damage_And_Fatalities
11739,Significant_Damage_And_Serious_Injuries
11741,Significant_Damage_And_Serious_Injuries
11748,Minor_Damage_And_Injuries
11749,Significant_Damage_And_Serious_Injuries
11757,Significant_Damage_And_Serious_Injuries
11758,Highly_Fatal_And_Damaging
11765,Significant_Damage_And_Serious_Injuries
11766,Significant_Damage_And_Serious_Injuries
11770,Significant_Damage_And_Fatalities
11772,Significant_Damage_And_Fatalities
11778,Significant_Damage_And_Serious_Injuries
11786,Highly_Fatal_And_Damaging
11789,Significant_Damage_And_Serious_Injuries
11797,Significant_Damage_And_Serious_Injuries
11800,Minor_Damage_And_Injuries
11804,Significant_Damage_And_Serious_Injuries
11810,Significant_Damage_And_Serious_Injuries
11842,Highly_Fatal_And_Damaging
11843,Significant_Damage_And_Fatalities
11847,Significant_Damage_And_Serious_Injuries
11848,Minor_Damage_And_Injuries
11849,Significant_Damage_And_Serious_Injuries
11850,Minor_Damage_And_Injuries
11876,Highly_Fatal_And_Damaging
11879,Significant_Damage_And_Serious_Injuries
11882,Highly_Fatal_And_Damaging
11890,Significant_Damage_And_Serious_Injuries
11894,Minor_Damage_And_Injuries
11897,Significant_Damage_And_Serious_Injuries
11900,Minor_Damage_And_Injuries
11904,Highly_Fatal_And_Damaging
11913,Significant_Damage_And_Serious_Injuries
11933,Highly_Fatal_And_Damaging
11943,Significant_Damage_And_Fatalities
11944,Significant_Damage_And_Fatalities
11949,Significant_Damage_And_Fatalities
11952,Highly_Fatal_And_Damaging
11957,Significant_Damage_And_Fatalities
11960,Significant_Damage_And_Serious_Injuries
11975,Significant_Damage_And_Fatalities
11978,Significant_Damage_And_Serious_Injuries
11983,Significant_Damage_And_Serious_Injuries
11990,Significant_Damage_And_Serious_Injuries
12002,Minor_Damage_And_Injuries
12004,Significant_Damage_And_Serious_Injuries
12011,Minor_Damage_And_Injuries
12016,Significant_Damage_And_Fatalities
12020,Significant_Damage_And_Fatalities
12023,Minor_Damage_And_Injuries
12024,Minor_Damage_And_Injuries
12025,Highly_Fatal_And_Damaging
12045,Highly_Fatal_And_Damaging
12051,Highly_Fatal_And_Damaging
12054,Significant_Damage_And_Serious_Injuries
12055,Minor_Damage_And_Injuries
12060,Significant_Damage_And_Serious_Injuries
12065,Significant_Damage_And_Serious_Injuries
12068,Highly_Fatal_And_Damaging
12069,Highly_Fatal_And_Damaging
12070,Significant_Damage_And_Fatalities
12072,Significant_Damage_And_Fatalities
12079,Minor_Damage_And_Injuries
12080,Significant_Damage_And_Serious_Injuries
12086,Significant_Damage_And_Serious_Injuries
12096,Significant_Damage_And_Serious_Injuries
12105,Significant_Damage_And_Serious_Injuries
12106,Significant_Damage_And_Serious_Injuries
12107,Significant_Damage_And_Serious_Injuries
12121,Significant_Damage_And_Fatalities
12125,Significant_Damage_And_Serious_Injuries
12133,Highly_Fatal_And_Damaging
12134,Significant_Damage_And_Fatalities
12150,Highly_Fatal_And_Damaging
12152,Significant_Damage_And_Serious_Injuries
12163,Minor_Damage_And_Injuries
12173,Highly_Fatal_And_Damaging
12186,Significant_Damage_And_Serious_Injuries
12188,Significant_Damage_And_Serious_Injuries
12191,Significant_Damage_And_Serious_Injuries
12193,Highly_Fatal_And_Damaging
12196,Minor_Damage_And_Injuries
12198,Significant_Damage_And_Serious_Injuries
12222,Minor_Damage_And_Injuries
12224,Minor_Damage_And_Injuries
12225,Highly_Fatal_And_Damaging
12229,Minor_Damage_And_Injuries
12234,Significant_Damage_And_Serious_Injuries
12235,Highly_Fatal_And_Damaging
12236,Significant_Damage_And_Serious_Injuries
12246,Significant_Damage_And_Fatalities
12250,Significant_Damage_And_Serious_Injuries
12263,Highly_Fatal_And_Damaging
12264,Highly_Fatal_And_Damaging
12269,Highly_Fatal_And_Damaging
12277,Minor_Damage_And_Injuries
12292,Significant_Damage_And_Fatalities
12310,Minor_Damage_And_Injuries
12318,Highly_Fatal_And_Damaging
12329,Minor_Damage_And_Injuries
12332,Minor_Damage_And_Injuries
12340,Highly_Fatal_And_Damaging
12346,Significant_Damage_And_Serious_Injuries
12353,Highly_Fatal_And_Damaging
12354,Significant_Damage_And_Fatalities
12356,Significant_Damage_And_Fatalities
12366,Significant_Damage_And_Serious_Injuries
12367,Highly_Fatal_And_Damaging
12378,Significant_Damage_And_Fatalities
12389,Minor_Damage_And_Injuries
12390,Minor_Damage_And_Injuries
12402,Minor_Damage_And_Injuries
12406,Significant_Damage_And_Serious_Injuries
12412,Highly_Fatal_And_Damaging
12413,Significant_Damage_And_Serious_Injuries
12415,Significant_Damage_And_Serious_Injuries
12420,Highly_Fatal_And_Damaging
12423,Minor_Damage_And_Injuries
12432,Significant_Damage_And_Serious_Injuries
12433,Highly_Fatal_And_Damaging
12435,Highly_Fatal_And_Damaging
12436,Highly_Fatal_And_Damaging
12437,Highly_Fatal_And_Damaging
12438,Highly_Fatal_And_Damaging
12442,Highly_Fatal_And_Damaging
12444,Highly_Fatal_And_Damaging
12446,Significant_Damage_And_Serious_Injuries
12461,Significant_Damage_And_Fatalities
12473,Highly_Fatal_And_Damaging
12474,Significant_Damage_And_Fatalities
12476,Highly_Fatal_And_Damaging
12484,Minor_Damage_And_Injuries
12487,Minor_Damage_And_Injuries
12488,Significant_Damage_And_Serious_Injuries
12491,Significant_Damage_And_Serious_Injuries
12493,Highly_Fatal_And_Damaging
